spark.executor.cores,spark.executor.instances,spark.executor.memory,spark.broadcast.blockSize,spark.broadcast.checksum,spark.broadcast.compress,spark.default.parallelism,spark.kryoserializer.buffer,spark.kryoserializer.buffer.max,spark.locality.wait,spark.maxRemoteBlockSizeFetchToMem,spark.memory.fraction,spark.memory.offHeap.enabled,spark.memory.offHeap.size,spark.memory.storageFraction,spark.rdd.compress,spark.reducer.maxBlocksInFlightPerAddress,spark.reducer.maxReqsInFlight,spark.reducer.maxSizeInFlight,spark.scheduler.mode,spark.scheduler.revive.interval,spark.shuffle.compress,spark.shuffle.file.buffer,spark.shuffle.io.numConnectionsPerPeer,spark.shuffle.sort.bypassMergeThreshold,spark.storage.memoryFraction,spark.storage.memoryMapThreshold,runtime
1.0,8.0,5.0,58.0,1.0,1.0,333.0,94.0,102.0,3.0,2116555075.0,0.82,0.0,627.0,0.59,1.0,1384118046.0,1342010187.0,62.0,0.0,825.0,0.0,16.0,2.0,357.0,0.8,3.0,363.61
2.0,5.0,6.0,29.0,1.0,0.0,317.0,54.0,111.0,2.0,1201363198.0,0.68,0.0,909.0,0.72,0.0,1566553372.0,1612947292.0,35.0,0.0,706.0,0.0,35.0,1.0,455.0,0.68,7.0,305.966
1.0,6.0,8.0,44.0,1.0,1.0,460.0,100.0,36.0,7.0,1730301904.0,0.72,0.0,804.0,0.88,0.0,1903518590.0,1590020695.0,57.0,0.0,916.0,1.0,36.0,5.0,120.0,0.89,2.0,444.785
4.0,8.0,5.0,34.0,1.0,0.0,419.0,109.0,115.0,1.0,1941473183.0,0.54,0.0,594.0,0.57,1.0,1102835868.0,1841447024.0,45.0,0.0,736.0,0.0,24.0,3.0,133.0,0.79,7.0,212.461
1.0,2.0,7.0,47.0,1.0,0.0,247.0,57.0,34.0,6.0,2131405773.0,0.77,1.0,794.0,0.79,0.0,1724486352.0,1559669431.0,53.0,0.0,672.0,0.0,27.0,4.0,334.0,0.8,6.0,982.968
3.0,7.0,8.0,15.0,0.0,0.0,224.0,125.0,83.0,8.0,1813377407.0,0.79,1.0,981.0,0.61,1.0,2065312747.0,1788898912.0,65.0,0.0,709.0,1.0,45.0,2.0,132.0,0.87,5.0,262.61
4.0,8.0,7.0,34.0,0.0,1.0,338.0,117.0,118.0,3.0,1426417127.0,0.51,0.0,813.0,0.84,0.0,1571414406.0,1922964921.0,54.0,0.0,543.0,0.0,22.0,3.0,206.0,0.75,9.0,488.256
2.0,5.0,6.0,60.0,0.0,0.0,451.0,62.0,80.0,9.0,1556830751.0,0.84,1.0,724.0,0.62,1.0,1218044960.0,1525814903.0,49.0,0.0,717.0,0.0,38.0,4.0,500.0,0.7,1.0,386.719
4.0,2.0,6.0,46.0,0.0,1.0,340.0,81.0,34.0,9.0,1406574541.0,0.77,0.0,1018.0,0.83,0.0,1493488202.0,1592592846.0,63.0,0.0,901.0,0.0,46.0,1.0,304.0,0.57,9.0,305.999
2.0,6.0,8.0,27.0,0.0,0.0,328.0,111.0,68.0,9.0,1920773945.0,0.5,1.0,705.0,0.73,1.0,1933348262.0,1157270793.0,58.0,0.0,610.0,0.0,21.0,1.0,465.0,0.52,8.0,299.714
4.0,2.0,8.0,63.0,0.0,0.0,260.0,82.0,72.0,9.0,2054851134.0,0.66,1.0,828.0,0.71,1.0,1805926497.0,1110933443.0,55.0,1.0,632.0,1.0,16.0,5.0,162.0,0.72,6.0,299.909
4.0,2.0,7.0,2.0,1.0,0.0,248.0,112.0,78.0,9.0,1807605072.0,0.84,1.0,811.0,0.61,1.0,1197844904.0,2132703971.0,29.0,1.0,625.0,0.0,32.0,4.0,105.0,0.89,2.0,376.15
1.0,7.0,3.0,42.0,1.0,1.0,247.0,52.0,57.0,1.0,1728308374.0,0.68,0.0,982.0,0.51,1.0,1612216878.0,1186705511.0,63.0,0.0,852.0,0.0,41.0,1.0,215.0,0.87,9.0,360.132
2.0,8.0,7.0,28.0,1.0,1.0,251.0,116.0,122.0,10.0,1642749316.0,0.69,1.0,630.0,0.82,0.0,1923270959.0,1265115423.0,53.0,0.0,867.0,0.0,35.0,4.0,419.0,0.73,9.0,316.822
3.0,2.0,6.0,58.0,1.0,1.0,384.0,128.0,67.0,8.0,1308287161.0,0.8,1.0,814.0,0.86,0.0,1923302367.0,1831967759.0,31.0,1.0,871.0,0.0,22.0,5.0,208.0,0.71,7.0,432.96
4.0,7.0,6.0,45.0,0.0,0.0,483.0,49.0,52.0,1.0,1512055055.0,0.71,1.0,723.0,0.81,1.0,1510682556.0,1100881335.0,62.0,0.0,971.0,0.0,36.0,3.0,190.0,0.88,4.0,219.709
1.0,6.0,8.0,53.0,0.0,1.0,249.0,54.0,71.0,3.0,1917515099.0,0.53,0.0,688.0,0.75,0.0,1239340035.0,1833625927.0,60.0,0.0,877.0,0.0,48.0,4.0,113.0,0.8,9.0,423.013
4.0,8.0,3.0,50.0,0.0,0.0,316.0,70.0,41.0,10.0,1504472103.0,0.87,0.0,1007.0,0.76,1.0,1192129925.0,2106289959.0,34.0,1.0,696.0,1.0,21.0,5.0,241.0,0.69,4.0,182.782
1.0,8.0,7.0,39.0,1.0,0.0,433.0,37.0,60.0,1.0,1363894731.0,0.51,0.0,562.0,0.83,1.0,1835909173.0,1810130615.0,56.0,0.0,869.0,0.0,46.0,5.0,401.0,0.69,10.0,369.804
3.0,5.0,3.0,10.0,0.0,0.0,419.0,104.0,72.0,1.0,1381164310.0,0.55,1.0,645.0,0.5,1.0,1413286246.0,1628350955.0,32.0,0.0,954.0,1.0,34.0,1.0,248.0,0.56,3.0,497.414
3.0,2.0,5.0,5.0,0.0,0.0,352.0,40.0,42.0,2.0,1500783679.0,0.65,0.0,774.0,0.55,0.0,2129507973.0,1563077831.0,31.0,0.0,888.0,0.0,27.0,4.0,338.0,0.59,6.0,379.94
4.0,2.0,3.0,23.0,0.0,0.0,434.0,75.0,87.0,2.0,1706081777.0,0.85,0.0,965.0,0.74,1.0,1931456909.0,1229178292.0,49.0,1.0,551.0,0.0,25.0,1.0,415.0,0.88,8.0,379.248
2.0,5.0,6.0,50.0,0.0,0.0,431.0,34.0,69.0,9.0,1676664939.0,0.78,1.0,939.0,0.9,0.0,1341798464.0,2022265768.0,39.0,1.0,749.0,1.0,48.0,1.0,431.0,0.82,6.0,314.586
2.0,3.0,4.0,30.0,0.0,1.0,432.0,32.0,93.0,2.0,1607800935.0,0.61,0.0,592.0,0.64,0.0,1103038442.0,1375775632.0,36.0,0.0,931.0,0.0,17.0,4.0,255.0,0.84,3.0,392.46
4.0,6.0,3.0,30.0,1.0,0.0,371.0,75.0,92.0,9.0,2095150558.0,0.83,0.0,733.0,0.79,1.0,1386534099.0,1279752671.0,56.0,1.0,774.0,1.0,41.0,5.0,126.0,0.71,9.0,214.348
3.0,4.0,8.0,48.0,0.0,0.0,445.0,113.0,67.0,8.0,1652766285.0,0.78,1.0,1015.0,0.57,1.0,1290169868.0,1818222772.0,24.0,1.0,695.0,1.0,34.0,2.0,281.0,0.88,8.0,314.226
1.0,5.0,6.0,52.0,1.0,0.0,281.0,125.0,64.0,9.0,1559854849.0,0.9,1.0,525.0,0.77,1.0,1725588101.0,1296034089.0,36.0,1.0,949.0,0.0,17.0,5.0,134.0,0.7,9.0,452.936
3.0,8.0,3.0,39.0,0.0,1.0,234.0,76.0,100.0,10.0,2097679354.0,0.65,0.0,838.0,0.52,0.0,2020653228.0,1162780005.0,59.0,1.0,938.0,1.0,30.0,4.0,147.0,0.61,2.0,226.56
3.0,5.0,4.0,26.0,1.0,0.0,365.0,111.0,89.0,7.0,1782415169.0,0.68,0.0,951.0,0.81,0.0,1177357451.0,2019727092.0,46.0,0.0,954.0,1.0,44.0,4.0,240.0,0.59,3.0,237.161
4.0,4.0,7.0,47.0,0.0,1.0,289.0,126.0,39.0,2.0,1329399309.0,0.83,0.0,687.0,0.58,0.0,1542011416.0,1974683215.0,59.0,0.0,882.0,1.0,21.0,1.0,480.0,0.7,7.0,257.904
2.0,7.0,8.0,52.0,1.0,0.0,419.0,89.0,112.0,1.0,1976804072.0,0.78,1.0,690.0,0.59,1.0,1510599809.0,1199330594.0,43.0,0.0,538.0,1.0,33.0,2.0,404.0,0.76,1.0,330.292
4.0,5.0,5.0,15.0,0.0,0.0,254.0,45.0,41.0,4.0,2137238929.0,0.83,0.0,727.0,0.71,0.0,1518901859.0,1740493013.0,65.0,1.0,803.0,1.0,39.0,3.0,113.0,0.74,1.0,423.813
4.0,2.0,3.0,42.0,0.0,0.0,270.0,86.0,84.0,1.0,1496991234.0,0.58,1.0,799.0,0.73,0.0,1792337853.0,2111689061.0,50.0,1.0,884.0,1.0,31.0,5.0,376.0,0.84,2.0,402.76
2.0,4.0,5.0,55.0,1.0,1.0,437.0,81.0,107.0,7.0,1925958156.0,0.81,0.0,916.0,0.78,1.0,1251528705.0,1579679669.0,34.0,0.0,505.0,0.0,41.0,1.0,421.0,0.72,10.0,378.875
1.0,3.0,6.0,21.0,0.0,0.0,489.0,71.0,55.0,3.0,1986917540.0,0.79,0.0,754.0,0.81,1.0,1292088219.0,1617441363.0,60.0,0.0,1000.0,0.0,25.0,2.0,381.0,0.54,1.0,687.851
3.0,3.0,6.0,10.0,0.0,1.0,448.0,117.0,82.0,9.0,1103972727.0,0.79,1.0,675.0,0.68,1.0,2128935890.0,1632773003.0,61.0,1.0,593.0,0.0,37.0,5.0,191.0,0.67,4.0,286.615
4.0,2.0,5.0,44.0,1.0,1.0,271.0,99.0,47.0,10.0,1765061771.0,0.52,0.0,1007.0,0.69,1.0,2048362476.0,1652228117.0,25.0,0.0,503.0,0.0,37.0,5.0,433.0,0.72,2.0,403.195
4.0,2.0,7.0,51.0,1.0,0.0,290.0,125.0,52.0,5.0,1868336432.0,0.7,1.0,783.0,0.63,1.0,1296385732.0,1558713669.0,45.0,0.0,969.0,0.0,23.0,1.0,327.0,0.79,2.0,381.843
2.0,6.0,4.0,18.0,1.0,1.0,461.0,115.0,52.0,10.0,2114628071.0,0.84,1.0,915.0,0.85,1.0,1452340973.0,1413626817.0,25.0,1.0,809.0,1.0,29.0,3.0,293.0,0.72,1.0,310.533
1.0,5.0,4.0,23.0,1.0,1.0,303.0,68.0,108.0,2.0,1530160238.0,0.59,1.0,736.0,0.5,1.0,1099934996.0,1903885357.0,54.0,1.0,938.0,0.0,27.0,1.0,141.0,0.82,4.0,700.712
4.0,7.0,7.0,57.0,1.0,0.0,278.0,96.0,128.0,7.0,1428966335.0,0.81,0.0,532.0,0.66,1.0,1735861140.0,1394208827.0,49.0,0.0,567.0,0.0,29.0,3.0,161.0,0.79,1.0,167.436
1.0,3.0,7.0,4.0,0.0,0.0,330.0,65.0,84.0,9.0,2122454844.0,0.53,0.0,903.0,0.67,1.0,1491719827.0,1798896558.0,71.0,1.0,567.0,0.0,32.0,4.0,171.0,0.54,3.0,691.583
3.0,7.0,8.0,27.0,1.0,1.0,466.0,80.0,107.0,5.0,1482003278.0,0.62,0.0,898.0,0.57,1.0,1966047436.0,1713307342.0,67.0,1.0,660.0,1.0,31.0,2.0,389.0,0.82,5.0,235.943
3.0,6.0,5.0,51.0,1.0,0.0,467.0,33.0,124.0,9.0,1871638955.0,0.61,1.0,622.0,0.68,1.0,2146931091.0,1189749341.0,59.0,1.0,601.0,0.0,32.0,4.0,256.0,0.51,7.0,624.827
1.0,7.0,2.0,38.0,0.0,0.0,314.0,82.0,113.0,6.0,1531677661.0,0.79,0.0,704.0,0.89,1.0,1994937088.0,2081452083.0,57.0,0.0,944.0,0.0,46.0,3.0,442.0,0.52,10.0,357.764
2.0,8.0,2.0,21.0,1.0,1.0,374.0,118.0,59.0,5.0,1955907783.0,0.82,0.0,829.0,0.66,0.0,1751475579.0,1731221678.0,36.0,0.0,643.0,0.0,37.0,2.0,431.0,0.61,8.0,252.146
4.0,6.0,6.0,53.0,1.0,1.0,235.0,83.0,67.0,5.0,2120864581.0,0.82,1.0,959.0,0.51,1.0,1661289074.0,1612786598.0,25.0,1.0,792.0,0.0,17.0,5.0,286.0,0.88,9.0,204.587
1.0,5.0,8.0,53.0,0.0,0.0,218.0,107.0,101.0,2.0,1900600453.0,0.88,0.0,970.0,0.61,1.0,1397147659.0,1517065335.0,39.0,0.0,543.0,1.0,41.0,3.0,277.0,0.8,9.0,541.161
4.0,4.0,5.0,24.0,1.0,1.0,239.0,57.0,85.0,8.0,2040988826.0,0.85,1.0,894.0,0.56,1.0,1332123703.0,1343989568.0,61.0,1.0,631.0,1.0,28.0,3.0,212.0,0.63,5.0,972.663
1.0,6.0,7.0,21.0,0.0,0.0,285.0,75.0,42.0,3.0,1302041370.0,0.54,1.0,554.0,0.56,1.0,1215792214.0,1754657109.0,71.0,0.0,504.0,1.0,33.0,4.0,202.0,0.75,2.0,432.411
1.0,6.0,7.0,50.0,0.0,0.0,463.0,82.0,33.0,7.0,1164390005.0,0.85,0.0,514.0,0.53,0.0,1279666671.0,1523879693.0,68.0,1.0,610.0,0.0,31.0,1.0,429.0,0.77,1.0,426.572
3.0,6.0,2.0,54.0,1.0,1.0,210.0,123.0,69.0,4.0,1812470616.0,0.54,1.0,783.0,0.85,0.0,1810919906.0,1802099618.0,42.0,1.0,568.0,1.0,32.0,3.0,494.0,0.86,2.0,243.948
3.0,2.0,2.0,14.0,0.0,1.0,443.0,47.0,54.0,7.0,1203938707.0,0.75,1.0,839.0,0.63,0.0,1469841202.0,1380117565.0,29.0,0.0,915.0,1.0,20.0,5.0,322.0,0.89,9.0,411.57
4.0,7.0,6.0,38.0,1.0,0.0,316.0,118.0,114.0,5.0,1608929277.0,0.74,1.0,524.0,0.59,1.0,1862443368.0,1222614466.0,45.0,0.0,904.0,0.0,30.0,5.0,424.0,0.88,6.0,172.783
3.0,2.0,5.0,55.0,0.0,0.0,326.0,116.0,123.0,3.0,1940032795.0,0.87,0.0,948.0,0.51,1.0,1090427085.0,1298617448.0,66.0,1.0,739.0,1.0,17.0,2.0,216.0,0.88,4.0,416.383
1.0,4.0,5.0,18.0,0.0,0.0,391.0,122.0,37.0,2.0,1293857642.0,0.67,0.0,651.0,0.56,0.0,1086093734.0,1296669091.0,40.0,1.0,825.0,0.0,22.0,2.0,381.0,0.88,7.0,522.831
3.0,7.0,6.0,27.0,0.0,0.0,376.0,40.0,67.0,9.0,1351256656.0,0.73,0.0,915.0,0.62,1.0,2137597264.0,1259866119.0,58.0,0.0,870.0,1.0,19.0,1.0,356.0,0.79,7.0,229.496
4.0,4.0,4.0,16.0,1.0,0.0,278.0,34.0,123.0,9.0,1339567207.0,0.81,1.0,978.0,0.83,1.0,1946843286.0,1804395374.0,29.0,1.0,510.0,0.0,43.0,4.0,421.0,0.81,1.0,391.757
4.0,3.0,5.0,29.0,0.0,0.0,335.0,34.0,62.0,10.0,1964897430.0,0.71,0.0,912.0,0.5,0.0,2008589080.0,2140968042.0,28.0,0.0,701.0,0.0,18.0,3.0,395.0,0.75,2.0,392.824
1.0,8.0,5.0,17.0,0.0,1.0,367.0,72.0,83.0,7.0,1289113586.0,0.54,1.0,1002.0,0.83,0.0,1733564699.0,1801799800.0,64.0,1.0,946.0,1.0,16.0,2.0,465.0,0.69,8.0,373.091
4.0,4.0,8.0,34.0,0.0,1.0,316.0,69.0,91.0,7.0,1460119480.0,0.82,1.0,647.0,0.77,0.0,1535122591.0,1206452696.0,37.0,0.0,528.0,1.0,26.0,1.0,466.0,0.79,1.0,263.328
3.0,3.0,3.0,38.0,1.0,0.0,396.0,77.0,66.0,9.0,1336960995.0,0.67,0.0,771.0,0.68,1.0,1225916245.0,1083053256.0,36.0,0.0,548.0,0.0,19.0,1.0,494.0,0.89,3.0,457.301
1.0,2.0,5.0,53.0,1.0,0.0,259.0,110.0,74.0,10.0,1786843658.0,0.9,0.0,872.0,0.6,1.0,1955753647.0,1388991363.0,52.0,0.0,712.0,1.0,31.0,5.0,378.0,0.52,9.0,1003.549
3.0,7.0,2.0,38.0,0.0,1.0,437.0,89.0,58.0,6.0,1082244628.0,0.56,1.0,542.0,0.9,0.0,1222755648.0,1563540097.0,43.0,1.0,586.0,0.0,17.0,1.0,246.0,0.66,7.0,201.547
1.0,2.0,5.0,10.0,1.0,0.0,335.0,44.0,44.0,6.0,2140851530.0,0.74,1.0,878.0,0.69,1.0,1863043892.0,1738522250.0,54.0,1.0,776.0,0.0,41.0,3.0,204.0,0.71,2.0,1018.104
4.0,7.0,8.0,14.0,0.0,1.0,332.0,93.0,35.0,4.0,1333327060.0,0.55,0.0,669.0,0.9,0.0,1205354852.0,2047051904.0,38.0,1.0,902.0,0.0,39.0,1.0,291.0,0.82,6.0,173.309
4.0,8.0,3.0,10.0,1.0,1.0,284.0,100.0,38.0,9.0,1100981305.0,0.71,1.0,782.0,0.72,0.0,1322150148.0,1465401838.0,43.0,1.0,789.0,0.0,36.0,3.0,226.0,0.69,6.0,176.318
3.0,5.0,4.0,49.0,1.0,1.0,421.0,79.0,118.0,2.0,1314831654.0,0.86,1.0,645.0,0.85,0.0,1203488398.0,2145614314.0,37.0,0.0,759.0,1.0,37.0,5.0,181.0,0.62,7.0,320.888
3.0,5.0,5.0,53.0,0.0,1.0,277.0,124.0,79.0,5.0,2123394327.0,0.62,0.0,579.0,0.85,0.0,1618333822.0,1875795482.0,57.0,1.0,856.0,0.0,48.0,1.0,479.0,0.56,1.0,238.428
3.0,4.0,8.0,11.0,0.0,1.0,216.0,47.0,83.0,8.0,1387003191.0,0.87,0.0,856.0,0.58,0.0,1180924913.0,1579700981.0,27.0,0.0,765.0,0.0,45.0,4.0,226.0,0.8,6.0,291.549
4.0,5.0,6.0,31.0,1.0,1.0,386.0,44.0,88.0,3.0,1414820260.0,0.55,1.0,650.0,0.86,1.0,1815580093.0,1379617760.0,71.0,1.0,621.0,0.0,48.0,2.0,176.0,0.67,6.0,199.553
4.0,5.0,7.0,31.0,1.0,1.0,331.0,45.0,104.0,8.0,1433774059.0,0.86,0.0,744.0,0.61,1.0,1463624928.0,2014948590.0,58.0,1.0,816.0,1.0,42.0,5.0,228.0,0.81,6.0,277.853
2.0,4.0,4.0,12.0,1.0,0.0,401.0,33.0,74.0,8.0,1080389526.0,0.54,1.0,1001.0,0.85,0.0,1623229355.0,1849049703.0,32.0,1.0,967.0,1.0,45.0,5.0,114.0,0.88,6.0,396.679
1.0,5.0,4.0,7.0,1.0,1.0,420.0,63.0,80.0,2.0,1946355144.0,0.56,1.0,553.0,0.88,0.0,1666366477.0,1880462354.0,27.0,0.0,952.0,1.0,30.0,3.0,136.0,0.67,5.0,502.066
4.0,7.0,5.0,34.0,0.0,1.0,276.0,78.0,60.0,2.0,1595260958.0,0.84,1.0,883.0,0.88,0.0,1358387073.0,1458093881.0,30.0,1.0,569.0,0.0,16.0,5.0,286.0,0.81,3.0,167.82
1.0,2.0,8.0,38.0,1.0,0.0,379.0,81.0,38.0,8.0,2136913872.0,0.9,1.0,531.0,0.84,1.0,1508842113.0,1573676010.0,62.0,1.0,744.0,1.0,39.0,3.0,128.0,0.52,9.0,1037.03
2.0,3.0,6.0,58.0,0.0,1.0,390.0,103.0,57.0,6.0,1821499572.0,0.8,0.0,772.0,0.67,1.0,1625633905.0,1746564316.0,50.0,0.0,665.0,1.0,46.0,3.0,257.0,0.66,2.0,533.074
4.0,6.0,6.0,24.0,1.0,0.0,302.0,82.0,47.0,6.0,1137582591.0,0.55,1.0,566.0,0.51,1.0,2048964020.0,1342257820.0,71.0,1.0,847.0,0.0,20.0,5.0,122.0,0.89,1.0,164.913
2.0,2.0,6.0,52.0,1.0,0.0,451.0,122.0,122.0,2.0,1268247374.0,0.51,0.0,764.0,0.61,0.0,1143376376.0,1947623422.0,69.0,0.0,792.0,1.0,37.0,1.0,170.0,0.65,5.0,997.986
4.0,3.0,8.0,43.0,0.0,1.0,244.0,116.0,116.0,4.0,1428178007.0,0.75,1.0,661.0,0.88,1.0,1875477686.0,1106091712.0,57.0,1.0,587.0,0.0,37.0,5.0,420.0,0.63,3.0,234.984
2.0,3.0,4.0,6.0,0.0,1.0,464.0,68.0,112.0,7.0,1124309381.0,0.72,0.0,797.0,0.52,0.0,1937820077.0,1338146319.0,49.0,1.0,769.0,0.0,31.0,5.0,443.0,0.79,9.0,396.432
3.0,7.0,3.0,45.0,1.0,0.0,278.0,51.0,96.0,6.0,1121152347.0,0.89,1.0,822.0,0.59,1.0,1165724013.0,1268766116.0,35.0,1.0,630.0,1.0,40.0,4.0,109.0,0.71,3.0,266.086
2.0,2.0,2.0,30.0,1.0,1.0,227.0,128.0,33.0,6.0,1102708735.0,0.81,0.0,943.0,0.65,1.0,1666345617.0,1631644484.0,55.0,1.0,506.0,1.0,46.0,5.0,358.0,0.51,7.0,573.706
2.0,5.0,2.0,44.0,1.0,1.0,408.0,41.0,117.0,5.0,1996832904.0,0.73,0.0,1023.0,0.56,0.0,1625184201.0,1691471810.0,37.0,1.0,572.0,0.0,45.0,4.0,188.0,0.71,8.0,300.93
4.0,6.0,4.0,61.0,1.0,0.0,218.0,105.0,50.0,7.0,2077519895.0,0.75,0.0,814.0,0.89,0.0,1146224874.0,1817611018.0,68.0,1.0,593.0,0.0,19.0,2.0,187.0,0.67,4.0,204.295
2.0,8.0,8.0,14.0,1.0,1.0,331.0,86.0,107.0,5.0,1155693316.0,0.84,0.0,819.0,0.8,1.0,1121189216.0,1575339535.0,72.0,1.0,717.0,1.0,23.0,3.0,419.0,0.51,4.0,270.865
3.0,4.0,7.0,11.0,0.0,1.0,246.0,71.0,74.0,5.0,2054869911.0,0.78,1.0,795.0,0.85,0.0,1074250410.0,1733697178.0,47.0,1.0,584.0,1.0,26.0,5.0,442.0,0.53,7.0,800.677
2.0,5.0,8.0,56.0,1.0,1.0,269.0,110.0,45.0,8.0,1352920067.0,0.86,1.0,762.0,0.88,1.0,1956834074.0,1330525389.0,25.0,1.0,613.0,0.0,16.0,1.0,398.0,0.77,8.0,294.584
1.0,4.0,8.0,52.0,0.0,1.0,267.0,47.0,48.0,5.0,1153347223.0,0.81,1.0,1006.0,0.86,1.0,1872880118.0,1393494453.0,61.0,1.0,792.0,0.0,42.0,1.0,448.0,0.84,10.0,522.314
4.0,7.0,7.0,21.0,0.0,0.0,494.0,93.0,62.0,2.0,1758687341.0,0.79,0.0,899.0,0.65,1.0,1706987952.0,1246746711.0,56.0,0.0,858.0,1.0,47.0,1.0,146.0,0.79,10.0,180.241
1.0,4.0,2.0,59.0,0.0,1.0,226.0,125.0,85.0,2.0,1926165602.0,0.75,0.0,579.0,0.73,1.0,1751730186.0,1488717876.0,38.0,0.0,617.0,1.0,41.0,2.0,361.0,0.9,1.0,787.74
3.0,2.0,2.0,39.0,1.0,0.0,202.0,125.0,123.0,5.0,1965449548.0,0.55,0.0,934.0,0.58,0.0,1793216981.0,1461977545.0,28.0,0.0,764.0,0.0,23.0,1.0,461.0,0.56,2.0,439.33
3.0,5.0,4.0,31.0,1.0,0.0,434.0,38.0,90.0,7.0,2044994874.0,0.83,1.0,721.0,0.79,0.0,1832797383.0,1257988528.0,41.0,1.0,939.0,0.0,24.0,1.0,367.0,0.61,9.0,298.964
1.0,7.0,4.0,48.0,1.0,0.0,484.0,84.0,45.0,8.0,1647979598.0,0.65,1.0,561.0,0.73,0.0,1839005749.0,1713905210.0,64.0,0.0,651.0,1.0,47.0,4.0,324.0,0.68,5.0,378.076
1.0,3.0,6.0,8.0,0.0,1.0,477.0,57.0,65.0,8.0,1241215252.0,0.76,1.0,704.0,0.9,1.0,1931700719.0,1482582797.0,38.0,1.0,882.0,0.0,41.0,4.0,164.0,0.73,9.0,668.052
3.0,3.0,5.0,61.0,1.0,0.0,335.0,120.0,91.0,5.0,1676287131.0,0.54,0.0,651.0,0.73,0.0,1858796502.0,1227756328.0,42.0,1.0,932.0,0.0,20.0,3.0,435.0,0.66,5.0,424.41
4.0,5.0,3.0,3.0,1.0,1.0,304.0,48.0,61.0,9.0,1155832157.0,0.55,0.0,905.0,0.56,1.0,1289371835.0,1918487360.0,25.0,1.0,760.0,1.0,35.0,4.0,139.0,0.64,9.0,264.628
4.0,6.0,8.0,29.0,0.0,0.0,488.0,57.0,84.0,7.0,1971715274.0,0.86,1.0,900.0,0.65,1.0,1161656418.0,1805552204.0,71.0,0.0,905.0,1.0,32.0,5.0,378.0,0.62,3.0,215.719
2.0,7.0,7.0,9.0,1.0,0.0,418.0,68.0,58.0,3.0,1486756018.0,0.74,0.0,725.0,0.66,0.0,1133860583.0,1086001030.0,61.0,1.0,508.0,1.0,17.0,4.0,500.0,0.9,2.0,470.947
2.0,7.0,4.0,37.0,1.0,1.0,390.0,85.0,124.0,5.0,1802868627.0,0.67,0.0,666.0,0.71,0.0,1101150000.0,1931057133.0,65.0,0.0,906.0,0.0,46.0,2.0,457.0,0.62,8.0,292.395
4.0,8.0,5.0,40.0,0.0,1.0,276.0,83.0,44.0,7.0,2062362006.0,0.8,0.0,868.0,0.55,0.0,1707712752.0,1340396898.0,32.0,1.0,709.0,1.0,35.0,3.0,142.0,0.57,5.0,178.983
1.0,5.0,8.0,18.0,1.0,0.0,259.0,71.0,45.0,1.0,1243890261.0,0.79,1.0,872.0,0.62,1.0,1630757989.0,2108753447.0,33.0,0.0,763.0,1.0,25.0,1.0,485.0,0.89,8.0,483.394
4.0,3.0,4.0,50.0,1.0,0.0,269.0,34.0,82.0,8.0,1449897301.0,0.73,0.0,699.0,0.59,0.0,1555541154.0,1617465238.0,38.0,0.0,945.0,0.0,48.0,1.0,137.0,0.63,10.0,234.973
2.0,6.0,2.0,23.0,1.0,0.0,426.0,55.0,51.0,6.0,1188563052.0,0.79,0.0,943.0,0.82,1.0,1189414139.0,1488118969.0,38.0,1.0,858.0,0.0,22.0,2.0,228.0,0.89,2.0,302.187
2.0,3.0,8.0,30.0,0.0,0.0,257.0,84.0,89.0,2.0,1434028606.0,0.67,0.0,628.0,0.82,1.0,1139369965.0,1899834603.0,35.0,0.0,539.0,1.0,39.0,4.0,448.0,0.55,1.0,406.45
3.0,8.0,7.0,51.0,0.0,1.0,345.0,120.0,108.0,6.0,1470299223.0,0.69,0.0,903.0,0.66,1.0,1722660562.0,1337650600.0,41.0,1.0,966.0,0.0,34.0,5.0,147.0,0.71,5.0,220.4
3.0,8.0,2.0,24.0,1.0,0.0,475.0,88.0,91.0,3.0,1777792990.0,0.62,0.0,555.0,0.59,0.0,1306550019.0,1540775473.0,66.0,1.0,573.0,1.0,19.0,3.0,471.0,0.78,9.0,220.602
1.0,2.0,7.0,7.0,0.0,1.0,332.0,99.0,115.0,6.0,1488901931.0,0.54,1.0,943.0,0.8,1.0,1210865421.0,1913105094.0,54.0,0.0,604.0,0.0,44.0,4.0,289.0,0.76,2.0,992.372
1.0,5.0,7.0,60.0,1.0,1.0,222.0,112.0,63.0,1.0,1589479988.0,0.68,0.0,768.0,0.87,1.0,1618058039.0,1716804393.0,27.0,0.0,964.0,1.0,48.0,1.0,367.0,0.77,8.0,440.643
4.0,3.0,6.0,64.0,1.0,1.0,361.0,96.0,58.0,9.0,1584841841.0,0.53,0.0,981.0,0.63,1.0,1780367368.0,1099628018.0,57.0,1.0,778.0,1.0,17.0,5.0,123.0,0.63,8.0,245.756
1.0,6.0,4.0,34.0,0.0,1.0,270.0,102.0,88.0,10.0,2136433584.0,0.64,0.0,759.0,0.78,1.0,1749097502.0,1199130853.0,68.0,0.0,778.0,0.0,38.0,2.0,257.0,0.61,3.0,416.198
4.0,7.0,7.0,14.0,1.0,1.0,369.0,68.0,74.0,7.0,1740106214.0,0.81,0.0,983.0,0.59,0.0,1546308312.0,1932736056.0,40.0,1.0,837.0,1.0,47.0,4.0,272.0,0.67,8.0,224.754
1.0,4.0,4.0,6.0,0.0,1.0,243.0,65.0,57.0,4.0,1228993511.0,0.56,1.0,551.0,0.54,1.0,1763349182.0,1772927162.0,36.0,0.0,683.0,0.0,16.0,1.0,443.0,0.55,3.0,976.468
1.0,3.0,2.0,41.0,0.0,0.0,462.0,66.0,125.0,1.0,1606045202.0,0.63,0.0,767.0,0.54,1.0,1328472192.0,1459372991.0,57.0,0.0,512.0,0.0,29.0,4.0,497.0,0.8,2.0,681.158
3.0,8.0,3.0,57.0,1.0,1.0,497.0,110.0,87.0,10.0,1253888399.0,0.61,1.0,785.0,0.8,0.0,1195690138.0,1289348417.0,39.0,1.0,801.0,1.0,16.0,1.0,218.0,0.7,2.0,235.991
1.0,2.0,2.0,32.0,0.0,1.0,449.0,114.0,90.0,4.0,1821715572.0,0.75,0.0,526.0,0.54,1.0,1978769121.0,1799663625.0,66.0,1.0,952.0,0.0,32.0,2.0,211.0,0.63,9.0,986.064
3.0,2.0,6.0,30.0,0.0,1.0,331.0,70.0,78.0,5.0,1150540060.0,0.74,0.0,965.0,0.55,0.0,2074488448.0,2103330849.0,51.0,0.0,552.0,1.0,47.0,1.0,190.0,0.73,2.0,473.726
3.0,2.0,6.0,32.0,0.0,1.0,325.0,61.0,82.0,9.0,1694786623.0,0.56,1.0,929.0,0.64,1.0,1846796849.0,1089103190.0,53.0,0.0,974.0,1.0,34.0,1.0,458.0,0.64,8.0,452.01
4.0,7.0,7.0,50.0,1.0,1.0,429.0,69.0,35.0,5.0,1657823104.0,0.82,1.0,839.0,0.62,1.0,1972479741.0,1087144852.0,67.0,0.0,989.0,0.0,20.0,2.0,397.0,0.86,8.0,170.488
1.0,6.0,4.0,15.0,0.0,0.0,358.0,65.0,96.0,6.0,1338760101.0,0.66,1.0,550.0,0.83,1.0,1558075872.0,1800796231.0,44.0,1.0,714.0,0.0,32.0,5.0,210.0,0.54,3.0,419.414
2.0,3.0,7.0,19.0,0.0,0.0,295.0,122.0,34.0,6.0,1950344487.0,0.89,1.0,640.0,0.81,1.0,1082518765.0,1401441059.0,58.0,0.0,528.0,0.0,31.0,2.0,418.0,0.74,4.0,369.411
2.0,6.0,3.0,38.0,1.0,1.0,200.0,76.0,102.0,3.0,1844074229.0,0.5,0.0,949.0,0.52,1.0,1792543946.0,1582116343.0,47.0,0.0,538.0,1.0,25.0,2.0,412.0,0.86,3.0,322.343
1.0,3.0,3.0,61.0,0.0,1.0,495.0,74.0,125.0,3.0,1875464822.0,0.76,0.0,721.0,0.72,1.0,1758751837.0,1172139574.0,54.0,1.0,567.0,1.0,44.0,1.0,160.0,0.76,9.0,704.172
1.0,7.0,4.0,32.0,1.0,1.0,211.0,103.0,34.0,6.0,2103717657.0,0.86,1.0,539.0,0.55,1.0,1077889396.0,1542931811.0,33.0,0.0,897.0,0.0,47.0,1.0,211.0,0.63,9.0,356.863
4.0,7.0,4.0,61.0,1.0,1.0,320.0,40.0,80.0,9.0,1715079437.0,0.55,1.0,857.0,0.63,0.0,1170988707.0,1302004911.0,48.0,1.0,637.0,1.0,21.0,3.0,430.0,0.76,10.0,180.268
3.0,7.0,4.0,64.0,0.0,0.0,456.0,128.0,88.0,3.0,2097872813.0,0.74,1.0,845.0,0.67,1.0,1268621513.0,1530970129.0,25.0,1.0,843.0,0.0,46.0,4.0,231.0,0.58,5.0,216.012
4.0,4.0,6.0,24.0,1.0,0.0,273.0,74.0,122.0,2.0,2078144470.0,0.5,0.0,808.0,0.71,0.0,2142386172.0,1188121431.0,46.0,1.0,846.0,0.0,24.0,5.0,342.0,0.74,9.0,411.288
3.0,8.0,7.0,27.0,0.0,1.0,360.0,58.0,65.0,4.0,1486142315.0,0.57,0.0,542.0,0.54,1.0,1954579424.0,1383537028.0,41.0,1.0,941.0,0.0,32.0,2.0,491.0,0.69,10.0,213.839
2.0,2.0,3.0,39.0,0.0,1.0,210.0,120.0,74.0,10.0,1535833363.0,0.6,1.0,975.0,0.66,1.0,1453338896.0,1771525435.0,65.0,1.0,665.0,1.0,44.0,5.0,355.0,0.69,8.0,592.46
3.0,8.0,5.0,35.0,1.0,0.0,452.0,86.0,113.0,2.0,1247954542.0,0.63,1.0,846.0,0.61,1.0,1865740835.0,1607110035.0,49.0,1.0,707.0,1.0,37.0,3.0,266.0,0.62,9.0,262.711
3.0,7.0,8.0,43.0,1.0,1.0,374.0,103.0,50.0,2.0,1366520831.0,0.82,1.0,581.0,0.86,0.0,1835777307.0,1932682577.0,66.0,0.0,767.0,1.0,18.0,3.0,284.0,0.69,9.0,271.5
3.0,3.0,8.0,33.0,0.0,1.0,473.0,82.0,60.0,8.0,1971921826.0,0.52,0.0,709.0,0.56,1.0,1246298713.0,2110558658.0,39.0,1.0,700.0,0.0,26.0,5.0,150.0,0.51,10.0,1054.969
1.0,6.0,4.0,3.0,0.0,1.0,410.0,49.0,85.0,9.0,2097682298.0,0.68,1.0,939.0,0.85,1.0,1390751674.0,1942983901.0,63.0,1.0,716.0,1.0,41.0,5.0,188.0,0.57,7.0,534.813
4.0,3.0,8.0,43.0,0.0,0.0,252.0,93.0,93.0,6.0,1408720202.0,0.7,0.0,647.0,0.89,0.0,1482135953.0,2127757871.0,28.0,1.0,964.0,0.0,40.0,1.0,154.0,0.53,2.0,244.329
1.0,7.0,4.0,22.0,1.0,1.0,338.0,108.0,112.0,9.0,1677248997.0,0.76,1.0,534.0,0.56,1.0,1734221962.0,1483517177.0,28.0,0.0,967.0,1.0,21.0,1.0,279.0,0.6,6.0,437.763
1.0,5.0,8.0,5.0,0.0,1.0,483.0,84.0,59.0,1.0,2129044432.0,0.62,0.0,735.0,0.59,0.0,1847995114.0,1560005568.0,47.0,0.0,834.0,1.0,30.0,4.0,465.0,0.54,1.0,456.848
2.0,7.0,6.0,60.0,0.0,1.0,377.0,62.0,120.0,10.0,1616336275.0,0.77,1.0,789.0,0.71,1.0,1867102150.0,1408880988.0,61.0,0.0,577.0,0.0,48.0,1.0,135.0,0.54,9.0,267.67
1.0,2.0,6.0,47.0,0.0,1.0,296.0,125.0,36.0,9.0,1405341977.0,0.67,0.0,930.0,0.51,1.0,1977884519.0,1500619098.0,33.0,0.0,553.0,1.0,18.0,3.0,474.0,0.73,7.0,1007.581
3.0,4.0,7.0,62.0,0.0,0.0,481.0,53.0,95.0,9.0,1409524103.0,0.74,1.0,698.0,0.58,1.0,2008674484.0,1094287809.0,30.0,0.0,598.0,0.0,36.0,5.0,419.0,0.51,1.0,299.994
1.0,5.0,8.0,62.0,0.0,1.0,269.0,63.0,69.0,9.0,2012998551.0,0.75,0.0,824.0,0.81,1.0,1123389201.0,1381803161.0,30.0,0.0,966.0,0.0,34.0,2.0,134.0,0.77,1.0,524.434
3.0,4.0,8.0,41.0,1.0,1.0,271.0,42.0,52.0,9.0,1368609827.0,0.52,0.0,764.0,0.89,0.0,1546453620.0,1170715054.0,68.0,0.0,512.0,0.0,37.0,2.0,203.0,0.75,8.0,301.449
2.0,4.0,3.0,53.0,0.0,0.0,297.0,40.0,75.0,8.0,1824703126.0,0.83,1.0,865.0,0.88,0.0,1715853038.0,1741507811.0,70.0,0.0,928.0,0.0,39.0,2.0,471.0,0.51,4.0,398.264
1.0,3.0,3.0,28.0,0.0,0.0,436.0,99.0,116.0,3.0,1110272199.0,0.77,1.0,686.0,0.5,0.0,1510535742.0,1664123920.0,33.0,1.0,778.0,1.0,24.0,3.0,394.0,0.56,1.0,699.794
3.0,7.0,6.0,15.0,0.0,1.0,421.0,91.0,59.0,7.0,1634845695.0,0.59,1.0,778.0,0.71,1.0,1995279080.0,1736911117.0,26.0,1.0,973.0,0.0,45.0,5.0,283.0,0.74,1.0,212.414
1.0,3.0,5.0,36.0,0.0,0.0,319.0,61.0,46.0,4.0,1288925658.0,0.83,0.0,619.0,0.8,1.0,2008404681.0,1717956828.0,58.0,1.0,646.0,1.0,36.0,2.0,481.0,0.83,4.0,686.914
4.0,5.0,8.0,64.0,0.0,0.0,218.0,39.0,109.0,8.0,1704141131.0,0.65,1.0,933.0,0.58,0.0,1733481340.0,1225651347.0,63.0,0.0,614.0,1.0,27.0,1.0,308.0,0.84,8.0,261.086
2.0,8.0,5.0,26.0,0.0,1.0,458.0,96.0,39.0,7.0,1161351342.0,0.83,0.0,774.0,0.77,1.0,1272761165.0,1478097292.0,62.0,1.0,847.0,1.0,22.0,2.0,274.0,0.68,6.0,268.408
4.0,7.0,2.0,37.0,0.0,0.0,235.0,121.0,73.0,3.0,1746980066.0,0.62,0.0,779.0,0.8,1.0,1622005820.0,1284926750.0,44.0,1.0,813.0,0.0,42.0,1.0,494.0,0.57,4.0,166.137
4.0,2.0,3.0,35.0,0.0,0.0,379.0,61.0,83.0,7.0,2137492049.0,0.56,0.0,913.0,0.53,0.0,1351008107.0,1786029738.0,29.0,0.0,545.0,0.0,44.0,3.0,316.0,0.89,1.0,375.685
4.0,4.0,5.0,21.0,0.0,1.0,339.0,114.0,106.0,8.0,1518929293.0,0.58,0.0,642.0,0.81,0.0,1114182655.0,2044009205.0,26.0,1.0,930.0,0.0,45.0,4.0,451.0,0.72,6.0,259.997
1.0,5.0,6.0,28.0,1.0,1.0,282.0,33.0,38.0,3.0,1737430528.0,0.78,0.0,960.0,0.51,1.0,1077025796.0,1557728058.0,58.0,1.0,624.0,0.0,46.0,2.0,339.0,0.64,9.0,432.393
2.0,8.0,4.0,48.0,0.0,1.0,402.0,104.0,92.0,5.0,2105834469.0,0.66,1.0,548.0,0.72,0.0,1569438493.0,1842931761.0,61.0,1.0,979.0,1.0,33.0,1.0,493.0,0.83,10.0,326.349
1.0,5.0,7.0,19.0,0.0,1.0,210.0,86.0,68.0,9.0,1176482887.0,0.83,0.0,526.0,0.57,1.0,1328405627.0,1242518589.0,29.0,0.0,972.0,1.0,44.0,1.0,124.0,0.82,10.0,436.755
4.0,8.0,2.0,38.0,0.0,0.0,484.0,51.0,34.0,1.0,1468390838.0,0.54,1.0,732.0,0.79,0.0,1996137287.0,1088818837.0,51.0,0.0,569.0,1.0,20.0,4.0,420.0,0.54,4.0,190.183
3.0,7.0,8.0,15.0,1.0,0.0,269.0,80.0,121.0,8.0,1271405475.0,0.53,0.0,549.0,0.76,0.0,1145811286.0,1571728190.0,28.0,0.0,752.0,0.0,19.0,4.0,174.0,0.61,6.0,242.82
4.0,5.0,7.0,62.0,1.0,1.0,310.0,45.0,91.0,4.0,1642338403.0,0.54,0.0,601.0,0.67,0.0,1120068356.0,2122104326.0,59.0,1.0,825.0,0.0,18.0,4.0,377.0,0.64,6.0,199.133
3.0,3.0,4.0,7.0,1.0,0.0,480.0,54.0,43.0,3.0,1659305211.0,0.72,1.0,962.0,0.9,0.0,1277914882.0,2071400766.0,62.0,1.0,623.0,1.0,16.0,3.0,147.0,0.5,9.0,304.785
4.0,4.0,3.0,43.0,0.0,0.0,291.0,101.0,83.0,10.0,1116318034.0,0.71,0.0,964.0,0.73,1.0,2078052315.0,1894926096.0,63.0,0.0,649.0,0.0,25.0,3.0,428.0,0.83,6.0,256.03
4.0,7.0,6.0,46.0,0.0,1.0,427.0,74.0,49.0,3.0,1268840528.0,0.54,0.0,588.0,0.69,0.0,1688243533.0,1162125802.0,35.0,0.0,634.0,1.0,19.0,5.0,309.0,0.8,8.0,181.204
3.0,6.0,7.0,60.0,1.0,0.0,349.0,74.0,41.0,2.0,1640564051.0,0.63,0.0,689.0,0.68,1.0,1964890885.0,1877197994.0,72.0,1.0,698.0,0.0,40.0,5.0,499.0,0.54,9.0,340.45
2.0,7.0,6.0,43.0,1.0,0.0,201.0,71.0,85.0,6.0,1573451231.0,0.87,0.0,583.0,0.58,1.0,2107732033.0,1405751676.0,31.0,0.0,884.0,1.0,44.0,2.0,426.0,0.85,9.0,329.689
1.0,7.0,8.0,40.0,0.0,0.0,262.0,119.0,125.0,9.0,1884425455.0,0.86,0.0,640.0,0.8,1.0,2090021906.0,1555802714.0,69.0,1.0,762.0,1.0,35.0,3.0,443.0,0.79,2.0,394.887
2.0,2.0,5.0,23.0,0.0,0.0,442.0,38.0,37.0,5.0,1341440840.0,0.61,0.0,787.0,0.85,0.0,1128597344.0,1986792697.0,49.0,0.0,659.0,0.0,30.0,5.0,263.0,0.61,6.0,993.145
4.0,6.0,2.0,36.0,0.0,0.0,227.0,107.0,79.0,2.0,2096029508.0,0.55,0.0,802.0,0.6,1.0,1932639047.0,1357123481.0,58.0,0.0,555.0,0.0,43.0,1.0,473.0,0.51,7.0,210.406
2.0,2.0,3.0,32.0,0.0,1.0,340.0,43.0,53.0,1.0,1190624401.0,0.54,0.0,972.0,0.69,1.0,1341441559.0,2112576483.0,55.0,0.0,714.0,1.0,27.0,3.0,217.0,0.67,8.0,571.437
2.0,5.0,4.0,27.0,1.0,0.0,289.0,115.0,105.0,5.0,1979853080.0,0.69,1.0,640.0,0.69,0.0,2009226222.0,1938312471.0,41.0,1.0,887.0,1.0,27.0,1.0,154.0,0.71,10.0,393.042
2.0,2.0,7.0,62.0,1.0,1.0,443.0,47.0,103.0,10.0,1556508370.0,0.56,0.0,520.0,0.64,1.0,1309046687.0,1266395654.0,50.0,0.0,702.0,0.0,37.0,3.0,139.0,0.81,1.0,538.848
2.0,5.0,3.0,36.0,1.0,0.0,310.0,93.0,37.0,7.0,1092232268.0,0.79,1.0,716.0,0.86,1.0,1300316046.0,2037718357.0,69.0,1.0,958.0,0.0,20.0,5.0,362.0,0.76,2.0,380.524
4.0,6.0,2.0,22.0,1.0,0.0,314.0,76.0,126.0,3.0,1621980394.0,0.57,1.0,519.0,0.58,0.0,2050245032.0,1707559053.0,27.0,0.0,619.0,0.0,39.0,3.0,132.0,0.62,8.0,200.037
3.0,4.0,6.0,50.0,1.0,1.0,382.0,90.0,55.0,9.0,1860108739.0,0.66,1.0,768.0,0.51,0.0,2000426655.0,1342813363.0,67.0,0.0,982.0,0.0,23.0,1.0,335.0,0.87,1.0,512.638
4.0,8.0,4.0,34.0,1.0,1.0,334.0,128.0,46.0,10.0,1731106163.0,0.65,0.0,883.0,0.56,1.0,1996211565.0,1168999041.0,59.0,0.0,777.0,1.0,26.0,2.0,407.0,0.7,9.0,645.768
2.0,4.0,7.0,51.0,0.0,1.0,200.0,109.0,125.0,3.0,1794623842.0,0.55,1.0,933.0,0.64,0.0,2042817581.0,1664822792.0,64.0,1.0,853.0,0.0,16.0,2.0,202.0,0.52,4.0,489.313
2.0,2.0,4.0,4.0,1.0,1.0,385.0,115.0,107.0,7.0,1621020867.0,0.58,0.0,873.0,0.78,1.0,1114531586.0,1230779373.0,42.0,0.0,938.0,1.0,46.0,5.0,418.0,0.77,5.0,598.104
4.0,5.0,5.0,31.0,0.0,0.0,351.0,93.0,38.0,6.0,1210274922.0,0.64,0.0,616.0,0.84,0.0,1441529570.0,1388464085.0,67.0,1.0,891.0,0.0,34.0,3.0,159.0,0.68,9.0,199.375
3.0,2.0,6.0,14.0,0.0,0.0,436.0,123.0,54.0,6.0,2135234874.0,0.63,0.0,742.0,0.72,1.0,1161279008.0,1841626593.0,45.0,1.0,895.0,1.0,39.0,5.0,282.0,0.68,10.0,480.272
1.0,6.0,4.0,59.0,1.0,0.0,415.0,109.0,51.0,2.0,1188728225.0,0.72,0.0,588.0,0.55,1.0,1437689461.0,1687211984.0,60.0,0.0,955.0,0.0,38.0,2.0,130.0,0.77,10.0,422.387
3.0,4.0,4.0,39.0,0.0,0.0,310.0,100.0,60.0,5.0,1719217920.0,0.69,0.0,1011.0,0.78,0.0,1557014760.0,1253384071.0,39.0,0.0,683.0,1.0,27.0,5.0,306.0,0.77,3.0,977.583
1.0,6.0,4.0,26.0,1.0,0.0,248.0,78.0,115.0,7.0,1293443832.0,0.9,0.0,584.0,0.61,0.0,1432164849.0,1946788573.0,64.0,1.0,893.0,1.0,30.0,1.0,101.0,0.69,6.0,427.647
3.0,8.0,7.0,24.0,0.0,1.0,244.0,108.0,86.0,9.0,1159834156.0,0.86,1.0,682.0,0.75,1.0,1256703137.0,1421084170.0,29.0,1.0,776.0,1.0,35.0,3.0,411.0,0.69,9.0,224.822
4.0,2.0,7.0,5.0,1.0,0.0,455.0,99.0,111.0,2.0,1095218625.0,0.65,0.0,614.0,0.54,1.0,1694147503.0,2086991597.0,61.0,1.0,665.0,0.0,42.0,1.0,176.0,0.71,6.0,928.784
2.0,7.0,5.0,2.0,0.0,1.0,217.0,103.0,103.0,1.0,1971662493.0,0.84,1.0,779.0,0.79,1.0,1543130062.0,2012173451.0,38.0,1.0,662.0,1.0,40.0,4.0,371.0,0.59,9.0,325.86
1.0,5.0,6.0,34.0,1.0,0.0,351.0,94.0,64.0,9.0,1738087388.0,0.59,1.0,714.0,0.86,0.0,1180124933.0,1330152082.0,33.0,0.0,923.0,0.0,28.0,2.0,424.0,0.77,4.0,438.978
1.0,5.0,6.0,57.0,1.0,0.0,500.0,34.0,89.0,6.0,1642551843.0,0.8,1.0,777.0,0.6,1.0,2099927360.0,1362182347.0,50.0,0.0,920.0,1.0,34.0,4.0,258.0,0.66,1.0,793.525
3.0,6.0,6.0,6.0,0.0,0.0,406.0,39.0,92.0,1.0,1881804833.0,0.52,1.0,592.0,0.56,1.0,1182721627.0,1751353192.0,46.0,1.0,593.0,0.0,30.0,2.0,491.0,0.51,10.0,244.317
2.0,6.0,8.0,54.0,0.0,0.0,295.0,45.0,32.0,3.0,1920983801.0,0.77,0.0,532.0,0.77,0.0,1969559312.0,1832193085.0,37.0,0.0,705.0,1.0,36.0,2.0,465.0,0.88,10.0,325.409
3.0,5.0,8.0,42.0,1.0,0.0,227.0,85.0,123.0,4.0,1539917855.0,0.8,1.0,903.0,0.88,1.0,1948617316.0,1881434910.0,55.0,1.0,536.0,1.0,35.0,2.0,191.0,0.71,8.0,314.328
3.0,2.0,3.0,14.0,1.0,0.0,493.0,51.0,42.0,3.0,1167209814.0,0.57,1.0,897.0,0.62,1.0,1799290012.0,1786217163.0,36.0,0.0,624.0,1.0,40.0,4.0,328.0,0.7,1.0,993.466
3.0,3.0,7.0,15.0,0.0,0.0,352.0,71.0,77.0,8.0,1698670367.0,0.67,0.0,622.0,0.75,1.0,2096348432.0,1247299504.0,31.0,1.0,848.0,0.0,23.0,4.0,357.0,0.52,8.0,291.425
2.0,3.0,4.0,47.0,0.0,0.0,283.0,36.0,62.0,1.0,1302005051.0,0.81,0.0,939.0,0.6,0.0,1975367040.0,2055813683.0,49.0,1.0,952.0,1.0,39.0,3.0,337.0,0.81,3.0,414.13
3.0,5.0,8.0,26.0,1.0,0.0,471.0,69.0,113.0,5.0,1172883900.0,0.63,0.0,533.0,0.8,1.0,1346274813.0,2012118280.0,67.0,1.0,781.0,1.0,31.0,4.0,174.0,0.54,3.0,267.721
1.0,3.0,3.0,30.0,1.0,1.0,481.0,87.0,60.0,5.0,1178712620.0,0.65,0.0,789.0,0.63,1.0,2145531921.0,1183638951.0,49.0,0.0,528.0,0.0,21.0,2.0,187.0,0.61,2.0,694.108
4.0,2.0,5.0,28.0,1.0,1.0,485.0,115.0,60.0,4.0,1820898018.0,0.61,1.0,767.0,0.75,1.0,1142905688.0,1257581179.0,46.0,1.0,939.0,0.0,47.0,5.0,109.0,0.7,7.0,392.985
4.0,8.0,3.0,30.0,0.0,1.0,203.0,47.0,119.0,2.0,1864517030.0,0.74,0.0,890.0,0.66,1.0,1539714062.0,2102012456.0,25.0,1.0,833.0,1.0,38.0,2.0,243.0,0.65,4.0,175.81
2.0,7.0,5.0,40.0,1.0,0.0,278.0,105.0,39.0,5.0,1859788999.0,0.88,1.0,848.0,0.51,1.0,1524957664.0,1179743766.0,68.0,1.0,788.0,1.0,23.0,2.0,474.0,0.78,8.0,313.952
4.0,6.0,6.0,50.0,1.0,1.0,431.0,72.0,51.0,4.0,1913352946.0,0.51,0.0,767.0,0.73,1.0,1380821839.0,1249190311.0,66.0,0.0,796.0,0.0,30.0,5.0,430.0,0.69,2.0,202.058
2.0,6.0,2.0,41.0,1.0,1.0,305.0,101.0,121.0,6.0,1177336963.0,0.6,0.0,980.0,0.64,1.0,2026913012.0,1709243243.0,52.0,0.0,528.0,1.0,21.0,2.0,380.0,0.86,8.0,317.22
4.0,7.0,4.0,47.0,0.0,1.0,359.0,124.0,85.0,2.0,2097456953.0,0.84,0.0,637.0,0.72,1.0,1332284567.0,1856753117.0,52.0,0.0,847.0,0.0,28.0,5.0,189.0,0.82,10.0,169.215
2.0,5.0,8.0,42.0,1.0,1.0,296.0,119.0,77.0,1.0,1942273216.0,0.74,0.0,560.0,0.67,1.0,1674297614.0,1497115881.0,64.0,1.0,976.0,1.0,16.0,5.0,169.0,0.85,6.0,331.798
3.0,7.0,3.0,40.0,1.0,0.0,430.0,82.0,108.0,7.0,1744373787.0,0.84,1.0,959.0,0.68,0.0,1624852400.0,1738009947.0,65.0,1.0,784.0,1.0,26.0,3.0,181.0,0.8,8.0,832.557
4.0,4.0,8.0,49.0,0.0,1.0,485.0,34.0,123.0,1.0,1507256732.0,0.72,1.0,705.0,0.84,0.0,1763398622.0,1650138656.0,28.0,1.0,862.0,1.0,38.0,5.0,365.0,0.73,5.0,874.071
4.0,8.0,6.0,39.0,1.0,1.0,425.0,109.0,60.0,2.0,1986364963.0,0.82,0.0,706.0,0.74,1.0,1505436064.0,2080785964.0,50.0,1.0,821.0,0.0,45.0,2.0,420.0,0.83,5.0,221.293
3.0,4.0,7.0,22.0,0.0,1.0,304.0,90.0,63.0,10.0,1189075902.0,0.53,0.0,900.0,0.81,1.0,1907512597.0,1227857487.0,56.0,0.0,818.0,1.0,45.0,1.0,451.0,0.89,1.0,498.556
2.0,4.0,4.0,2.0,1.0,1.0,414.0,108.0,115.0,6.0,1962694800.0,0.67,1.0,644.0,0.7,1.0,1094878653.0,1873147380.0,36.0,0.0,942.0,0.0,41.0,1.0,485.0,0.82,9.0,309.189
2.0,5.0,4.0,23.0,0.0,1.0,436.0,88.0,108.0,9.0,2133118683.0,0.62,1.0,944.0,0.58,0.0,1135200172.0,1696327941.0,68.0,1.0,666.0,0.0,42.0,3.0,274.0,0.56,4.0,378.853
2.0,7.0,4.0,20.0,1.0,0.0,371.0,57.0,117.0,6.0,1225378047.0,0.6,1.0,670.0,0.55,1.0,1155674634.0,1290012771.0,72.0,1.0,658.0,0.0,21.0,4.0,134.0,0.83,5.0,252.686
3.0,5.0,8.0,54.0,1.0,1.0,276.0,120.0,36.0,2.0,1713535488.0,0.89,0.0,794.0,0.62,1.0,1076288784.0,1479536176.0,43.0,1.0,760.0,0.0,37.0,5.0,267.0,0.86,10.0,249.829
2.0,5.0,8.0,25.0,1.0,0.0,250.0,117.0,46.0,1.0,1171453680.0,0.89,0.0,586.0,0.64,1.0,1306209255.0,1696269546.0,27.0,0.0,963.0,0.0,19.0,3.0,357.0,0.64,3.0,390.935
4.0,8.0,5.0,54.0,1.0,0.0,433.0,43.0,35.0,4.0,1285498391.0,0.52,0.0,560.0,0.85,0.0,1556482929.0,1507382662.0,25.0,1.0,914.0,0.0,40.0,3.0,224.0,0.61,7.0,179.786
4.0,3.0,5.0,12.0,1.0,1.0,311.0,117.0,106.0,1.0,2043462820.0,0.61,0.0,910.0,0.63,0.0,1491451035.0,1295214793.0,28.0,0.0,967.0,1.0,43.0,3.0,344.0,0.85,3.0,231.382
1.0,8.0,2.0,63.0,1.0,0.0,377.0,117.0,52.0,10.0,1589335152.0,0.79,1.0,640.0,0.52,1.0,1541698682.0,1172503580.0,62.0,1.0,903.0,0.0,38.0,4.0,167.0,0.71,5.0,362.119
1.0,5.0,3.0,50.0,0.0,0.0,350.0,38.0,121.0,9.0,2065412418.0,0.62,1.0,964.0,0.88,1.0,1328733593.0,1861654785.0,27.0,1.0,956.0,1.0,20.0,1.0,242.0,0.56,1.0,545.417
1.0,7.0,7.0,17.0,1.0,1.0,417.0,39.0,78.0,3.0,1419918252.0,0.56,1.0,723.0,0.9,0.0,2085812919.0,1593961386.0,28.0,0.0,633.0,1.0,28.0,2.0,143.0,0.84,2.0,442.055
3.0,8.0,4.0,46.0,0.0,1.0,332.0,70.0,97.0,2.0,1457242023.0,0.84,0.0,750.0,0.51,0.0,1878385120.0,1364117896.0,51.0,0.0,989.0,1.0,40.0,2.0,143.0,0.53,1.0,280.481
1.0,5.0,5.0,19.0,0.0,0.0,491.0,57.0,34.0,2.0,1703942043.0,0.8,0.0,717.0,0.79,1.0,1188701160.0,1915733868.0,71.0,1.0,911.0,0.0,21.0,4.0,464.0,0.56,2.0,571.486
4.0,8.0,2.0,57.0,0.0,0.0,444.0,104.0,78.0,3.0,1340763407.0,0.71,0.0,607.0,0.63,1.0,1203069524.0,1565881657.0,27.0,0.0,790.0,0.0,26.0,2.0,167.0,0.71,3.0,258.138
2.0,6.0,5.0,64.0,0.0,1.0,395.0,112.0,92.0,8.0,1755913869.0,0.54,1.0,607.0,0.53,1.0,1515855779.0,1639794068.0,56.0,1.0,549.0,1.0,19.0,1.0,447.0,0.81,3.0,317.593
3.0,4.0,8.0,17.0,1.0,1.0,257.0,105.0,120.0,6.0,1942950985.0,0.77,0.0,556.0,0.84,1.0,2138485890.0,1309520542.0,72.0,0.0,657.0,0.0,38.0,2.0,425.0,0.86,3.0,306.57
1.0,7.0,4.0,51.0,1.0,1.0,482.0,114.0,119.0,6.0,1631773507.0,0.86,0.0,839.0,0.51,1.0,1545733195.0,1311147475.0,42.0,0.0,547.0,1.0,41.0,4.0,123.0,0.69,9.0,438.357
2.0,3.0,5.0,21.0,1.0,0.0,334.0,57.0,43.0,3.0,1323977801.0,0.52,1.0,866.0,0.62,1.0,1355290167.0,1637138520.0,69.0,1.0,797.0,1.0,19.0,1.0,488.0,0.74,9.0,427.016
4.0,2.0,2.0,26.0,1.0,0.0,229.0,60.0,125.0,10.0,1518385544.0,0.84,1.0,719.0,0.8,0.0,1163118628.0,2124602805.0,42.0,1.0,517.0,1.0,21.0,4.0,107.0,0.87,4.0,387.417
4.0,6.0,6.0,3.0,0.0,1.0,261.0,34.0,72.0,3.0,1991963463.0,0.6,1.0,555.0,0.66,0.0,2020762370.0,1550794676.0,60.0,0.0,950.0,0.0,34.0,1.0,275.0,0.81,4.0,198.91
3.0,3.0,5.0,35.0,0.0,0.0,414.0,107.0,124.0,5.0,2033433003.0,0.52,0.0,543.0,0.73,1.0,1836229685.0,1187696159.0,33.0,0.0,779.0,1.0,19.0,1.0,302.0,0.61,6.0,306.523
4.0,6.0,8.0,61.0,1.0,0.0,313.0,60.0,96.0,5.0,1250073350.0,0.79,1.0,728.0,0.64,1.0,2011226049.0,1217082661.0,37.0,0.0,833.0,1.0,35.0,2.0,365.0,0.82,5.0,208.433
4.0,6.0,5.0,21.0,1.0,0.0,479.0,53.0,81.0,6.0,1103122612.0,0.82,0.0,713.0,0.66,0.0,1966249700.0,1663400261.0,30.0,0.0,696.0,0.0,24.0,4.0,322.0,0.6,1.0,1041.482
2.0,4.0,4.0,43.0,1.0,1.0,238.0,113.0,46.0,5.0,1667087434.0,0.75,0.0,931.0,0.77,0.0,1679317428.0,1834206056.0,45.0,0.0,729.0,1.0,44.0,4.0,265.0,0.61,7.0,643.684
1.0,3.0,2.0,25.0,0.0,0.0,487.0,104.0,32.0,1.0,1862485376.0,0.82,1.0,705.0,0.67,0.0,1431920787.0,1253029423.0,29.0,0.0,902.0,0.0,23.0,1.0,360.0,0.71,5.0,669.056
3.0,7.0,4.0,16.0,0.0,0.0,350.0,81.0,87.0,2.0,1446673669.0,0.73,0.0,718.0,0.71,0.0,1997160883.0,1487152573.0,61.0,1.0,643.0,0.0,19.0,1.0,211.0,0.78,2.0,215.085
4.0,3.0,8.0,10.0,0.0,0.0,275.0,57.0,122.0,4.0,1512130964.0,0.55,0.0,884.0,0.89,1.0,1469833076.0,1170455402.0,41.0,1.0,984.0,1.0,35.0,2.0,234.0,0.61,6.0,413.114
3.0,7.0,8.0,11.0,0.0,0.0,355.0,50.0,92.0,9.0,1657048703.0,0.6,0.0,821.0,0.87,0.0,1327959832.0,1167662112.0,58.0,1.0,670.0,1.0,31.0,4.0,383.0,0.8,3.0,219.713
1.0,3.0,6.0,61.0,0.0,1.0,485.0,104.0,113.0,1.0,1398382099.0,0.81,0.0,716.0,0.56,1.0,1357884842.0,1857628988.0,47.0,1.0,506.0,1.0,18.0,5.0,152.0,0.57,9.0,724.256
1.0,6.0,2.0,63.0,1.0,1.0,360.0,52.0,102.0,5.0,1710903112.0,0.8,1.0,668.0,0.79,1.0,1341344218.0,1902652461.0,45.0,0.0,572.0,1.0,46.0,5.0,493.0,0.61,5.0,575.975
4.0,2.0,4.0,62.0,0.0,1.0,419.0,103.0,43.0,8.0,1357046016.0,0.78,0.0,772.0,0.75,0.0,2132690760.0,2145697300.0,59.0,1.0,770.0,1.0,29.0,4.0,199.0,0.85,3.0,403.876
4.0,6.0,8.0,31.0,1.0,0.0,442.0,97.0,103.0,9.0,1755990417.0,0.74,0.0,625.0,0.58,1.0,1456050543.0,1737484278.0,52.0,1.0,526.0,0.0,44.0,2.0,498.0,0.53,2.0,209.811
2.0,7.0,2.0,11.0,1.0,1.0,286.0,76.0,72.0,4.0,1289245900.0,0.54,1.0,672.0,0.65,1.0,1644676322.0,1264691597.0,53.0,1.0,871.0,0.0,27.0,3.0,261.0,0.51,9.0,305.204
3.0,3.0,3.0,56.0,1.0,0.0,262.0,108.0,54.0,4.0,1947003648.0,0.88,1.0,597.0,0.89,0.0,1207963801.0,1453912273.0,44.0,1.0,664.0,0.0,33.0,5.0,149.0,0.53,6.0,294.214
3.0,5.0,8.0,51.0,1.0,1.0,287.0,91.0,41.0,1.0,1744823113.0,0.54,0.0,534.0,0.78,0.0,1329179060.0,1861159082.0,44.0,1.0,835.0,0.0,43.0,1.0,472.0,0.51,10.0,249.335
4.0,5.0,5.0,16.0,1.0,0.0,479.0,48.0,105.0,10.0,1539038811.0,0.79,1.0,814.0,0.75,0.0,1400429543.0,1803652229.0,60.0,0.0,650.0,1.0,29.0,3.0,218.0,0.7,2.0,266.645
2.0,4.0,6.0,43.0,0.0,1.0,377.0,100.0,42.0,8.0,1626799206.0,0.77,0.0,586.0,0.66,0.0,2124532214.0,1843766030.0,29.0,1.0,955.0,0.0,40.0,1.0,358.0,0.87,8.0,376.452
1.0,7.0,2.0,51.0,0.0,1.0,400.0,110.0,126.0,9.0,1077885845.0,0.7,1.0,801.0,0.57,1.0,1626141560.0,1901649390.0,36.0,0.0,671.0,0.0,33.0,2.0,160.0,0.87,6.0,425.717
3.0,5.0,8.0,57.0,0.0,1.0,247.0,45.0,93.0,8.0,2009490404.0,0.87,0.0,855.0,0.88,1.0,1951837088.0,1164693471.0,59.0,0.0,737.0,1.0,31.0,1.0,234.0,0.83,1.0,247.044
1.0,8.0,2.0,9.0,0.0,0.0,289.0,71.0,84.0,3.0,2103257284.0,0.53,0.0,997.0,0.74,1.0,1571220514.0,1834363214.0,35.0,1.0,871.0,1.0,45.0,3.0,433.0,0.84,1.0,979.087
2.0,4.0,5.0,59.0,1.0,1.0,488.0,94.0,109.0,2.0,1103440737.0,0.59,1.0,981.0,0.85,1.0,1536012273.0,2057066732.0,49.0,0.0,526.0,0.0,45.0,3.0,423.0,0.52,7.0,527.841
1.0,2.0,8.0,19.0,1.0,0.0,251.0,43.0,125.0,4.0,1314444282.0,0.69,0.0,858.0,0.87,1.0,1412035012.0,1097367146.0,35.0,1.0,738.0,0.0,30.0,1.0,368.0,0.8,10.0,989.788
3.0,2.0,2.0,41.0,0.0,1.0,459.0,128.0,108.0,2.0,1232361456.0,0.63,1.0,660.0,0.72,0.0,1433569745.0,1250226525.0,33.0,1.0,627.0,0.0,28.0,3.0,443.0,0.54,3.0,447.371
3.0,6.0,7.0,19.0,1.0,0.0,475.0,44.0,122.0,9.0,1251703411.0,0.51,0.0,987.0,0.6,1.0,2081952988.0,1473239825.0,63.0,0.0,690.0,0.0,48.0,4.0,207.0,0.89,4.0,250.49
3.0,2.0,6.0,45.0,0.0,1.0,240.0,117.0,54.0,6.0,1658007279.0,0.63,0.0,1008.0,0.64,1.0,1766423835.0,1343808844.0,46.0,0.0,651.0,1.0,39.0,1.0,115.0,0.52,3.0,488.107
3.0,7.0,6.0,52.0,0.0,0.0,239.0,50.0,76.0,10.0,1910543883.0,0.75,0.0,512.0,0.62,1.0,1435656264.0,1670566851.0,70.0,0.0,911.0,1.0,22.0,4.0,288.0,0.65,2.0,217.98
2.0,2.0,6.0,14.0,1.0,1.0,300.0,106.0,94.0,4.0,1671936072.0,0.71,1.0,860.0,0.86,0.0,1207197431.0,1163273563.0,50.0,0.0,990.0,0.0,43.0,3.0,130.0,0.6,6.0,568.266
2.0,4.0,3.0,34.0,0.0,0.0,430.0,45.0,117.0,9.0,2071721846.0,0.83,1.0,805.0,0.6,0.0,1978848286.0,1957077238.0,42.0,0.0,678.0,1.0,48.0,5.0,400.0,0.83,7.0,408.193
2.0,5.0,2.0,46.0,0.0,0.0,427.0,35.0,62.0,3.0,1764771460.0,0.75,0.0,1004.0,0.8,1.0,1773881125.0,1495383039.0,49.0,1.0,816.0,1.0,47.0,4.0,250.0,0.77,3.0,591.754
1.0,8.0,3.0,4.0,1.0,1.0,459.0,51.0,43.0,9.0,1077154489.0,0.54,1.0,713.0,0.69,0.0,1201709764.0,1487198644.0,65.0,0.0,834.0,0.0,26.0,3.0,303.0,0.81,5.0,368.675
1.0,2.0,6.0,62.0,0.0,0.0,240.0,122.0,64.0,7.0,1217386981.0,0.86,0.0,988.0,0.86,1.0,1887976327.0,1735375821.0,47.0,0.0,873.0,0.0,32.0,4.0,134.0,0.89,10.0,983.261
3.0,8.0,2.0,59.0,1.0,0.0,463.0,76.0,72.0,3.0,1598493529.0,0.8,0.0,914.0,0.73,0.0,1395554427.0,1311391509.0,57.0,0.0,804.0,1.0,46.0,3.0,240.0,0.55,3.0,267.27
4.0,8.0,5.0,35.0,0.0,1.0,301.0,57.0,125.0,6.0,1883112728.0,0.76,1.0,778.0,0.87,0.0,1453536135.0,1402625814.0,61.0,0.0,888.0,0.0,46.0,1.0,120.0,0.73,10.0,177.001
4.0,5.0,5.0,7.0,1.0,1.0,399.0,54.0,105.0,7.0,1470404963.0,0.6,0.0,677.0,0.68,1.0,1681437671.0,1703833747.0,33.0,0.0,920.0,0.0,22.0,4.0,158.0,0.84,6.0,159.837
1.0,2.0,6.0,35.0,0.0,1.0,362.0,34.0,79.0,1.0,1327860116.0,0.84,1.0,580.0,0.51,0.0,1828118182.0,1601190114.0,59.0,1.0,862.0,1.0,30.0,3.0,320.0,0.69,7.0,1015.634
2.0,8.0,3.0,26.0,1.0,1.0,421.0,118.0,97.0,1.0,1149897720.0,0.87,0.0,640.0,0.55,0.0,1865063995.0,1342918318.0,58.0,1.0,687.0,1.0,33.0,3.0,396.0,0.59,1.0,277.319
3.0,6.0,4.0,26.0,0.0,1.0,364.0,127.0,58.0,8.0,1857041113.0,0.77,0.0,930.0,0.58,1.0,1533530494.0,1216318948.0,41.0,1.0,650.0,1.0,41.0,1.0,133.0,0.85,4.0,253.828
4.0,4.0,4.0,64.0,0.0,0.0,273.0,40.0,65.0,2.0,1891293054.0,0.52,0.0,627.0,0.68,0.0,1847088322.0,2105152143.0,35.0,0.0,637.0,1.0,27.0,1.0,238.0,0.54,4.0,257.673
4.0,4.0,3.0,17.0,0.0,0.0,446.0,55.0,120.0,6.0,1638878138.0,0.5,1.0,787.0,0.85,1.0,1438221657.0,1655671465.0,46.0,0.0,659.0,1.0,46.0,1.0,209.0,0.53,5.0,270.089
1.0,6.0,6.0,36.0,1.0,0.0,212.0,94.0,76.0,5.0,1317817909.0,0.8,1.0,641.0,0.63,0.0,1370169669.0,1576186204.0,29.0,1.0,585.0,1.0,20.0,4.0,348.0,0.52,2.0,426.013
4.0,8.0,5.0,35.0,1.0,1.0,340.0,47.0,107.0,3.0,2072290031.0,0.73,1.0,739.0,0.81,0.0,1273093113.0,1647518564.0,62.0,1.0,562.0,1.0,40.0,1.0,396.0,0.62,9.0,227.016
4.0,5.0,7.0,35.0,1.0,1.0,211.0,49.0,102.0,10.0,1705717496.0,0.64,1.0,533.0,0.9,0.0,1279171054.0,1431684946.0,25.0,1.0,717.0,1.0,39.0,4.0,264.0,0.63,8.0,261.453
3.0,4.0,4.0,58.0,1.0,1.0,335.0,121.0,39.0,8.0,1636211721.0,0.66,0.0,945.0,0.68,1.0,1833915590.0,1248808213.0,60.0,0.0,968.0,0.0,20.0,1.0,159.0,0.61,2.0,292.795
4.0,3.0,4.0,39.0,0.0,0.0,306.0,34.0,61.0,4.0,1747718816.0,0.7,0.0,754.0,0.72,1.0,2117028972.0,2034613265.0,59.0,1.0,714.0,0.0,23.0,2.0,484.0,0.6,5.0,239.275
4.0,6.0,5.0,53.0,0.0,1.0,204.0,55.0,54.0,10.0,1156611788.0,0.79,0.0,671.0,0.79,1.0,1223589034.0,1546831568.0,40.0,0.0,546.0,1.0,38.0,2.0,377.0,0.74,8.0,211.218
2.0,8.0,2.0,13.0,0.0,0.0,224.0,68.0,35.0,4.0,1910307537.0,0.65,1.0,591.0,0.9,0.0,1921463167.0,2083088354.0,64.0,0.0,664.0,1.0,18.0,2.0,438.0,0.72,4.0,256.84
1.0,5.0,2.0,19.0,0.0,1.0,324.0,84.0,94.0,2.0,1239668233.0,0.63,0.0,1013.0,0.56,0.0,1241009114.0,2110501334.0,30.0,1.0,955.0,0.0,31.0,3.0,196.0,0.72,1.0,427.016
1.0,7.0,2.0,18.0,0.0,0.0,253.0,93.0,82.0,5.0,1453874850.0,0.85,1.0,633.0,0.81,1.0,1396695589.0,1536404353.0,27.0,1.0,949.0,0.0,28.0,3.0,235.0,0.54,2.0,363.767
4.0,6.0,7.0,61.0,1.0,1.0,361.0,124.0,125.0,6.0,1828012386.0,0.81,0.0,819.0,0.74,0.0,1280482384.0,2127227388.0,66.0,0.0,634.0,1.0,43.0,2.0,240.0,0.52,4.0,215.826
4.0,3.0,2.0,20.0,1.0,1.0,267.0,119.0,46.0,7.0,1803313295.0,0.84,0.0,860.0,0.74,1.0,1383594439.0,1873196842.0,34.0,1.0,578.0,0.0,32.0,2.0,277.0,0.51,9.0,277.049
1.0,4.0,3.0,41.0,1.0,1.0,373.0,45.0,76.0,6.0,1362163809.0,0.66,0.0,649.0,0.66,0.0,1256186065.0,1156850045.0,43.0,0.0,877.0,0.0,43.0,1.0,159.0,0.71,10.0,522.577
4.0,8.0,5.0,18.0,1.0,1.0,375.0,106.0,58.0,9.0,1394773075.0,0.58,0.0,611.0,0.72,0.0,1209318850.0,1481327381.0,51.0,0.0,946.0,0.0,44.0,5.0,468.0,0.78,2.0,174.847
1.0,8.0,2.0,25.0,1.0,1.0,331.0,109.0,107.0,1.0,1655255876.0,0.81,1.0,581.0,0.9,1.0,1221515857.0,1112768211.0,61.0,0.0,573.0,1.0,38.0,1.0,390.0,0.65,3.0,370.629
1.0,4.0,8.0,47.0,0.0,0.0,204.0,33.0,111.0,4.0,2119074685.0,0.8,0.0,817.0,0.6,0.0,1082183775.0,1326025704.0,24.0,0.0,759.0,0.0,21.0,1.0,221.0,0.51,5.0,523.011
2.0,8.0,3.0,49.0,0.0,1.0,466.0,95.0,54.0,3.0,2088766891.0,0.77,0.0,755.0,0.72,0.0,1734834962.0,2089499726.0,46.0,0.0,969.0,1.0,27.0,2.0,130.0,0.77,4.0,271.883
1.0,5.0,8.0,57.0,0.0,0.0,315.0,56.0,67.0,6.0,1105018374.0,0.7,0.0,606.0,0.85,0.0,1393217181.0,1223553825.0,43.0,1.0,761.0,0.0,20.0,3.0,312.0,0.89,5.0,528.94
2.0,6.0,3.0,33.0,0.0,0.0,434.0,39.0,44.0,9.0,1615176394.0,0.79,0.0,651.0,0.51,0.0,1255554662.0,1888991860.0,69.0,0.0,994.0,0.0,16.0,3.0,108.0,0.5,6.0,314.427
4.0,7.0,4.0,9.0,0.0,1.0,377.0,111.0,113.0,4.0,1723206498.0,0.72,0.0,551.0,0.56,1.0,1145259904.0,2103599376.0,62.0,1.0,890.0,1.0,25.0,1.0,310.0,0.62,8.0,270.433
1.0,3.0,8.0,57.0,1.0,0.0,271.0,52.0,41.0,7.0,1152640400.0,0.59,0.0,583.0,0.55,0.0,1216019310.0,1336833077.0,68.0,0.0,878.0,0.0,18.0,5.0,384.0,0.63,1.0,688.069
3.0,7.0,8.0,7.0,1.0,0.0,306.0,80.0,59.0,5.0,1434589780.0,0.78,0.0,719.0,0.88,0.0,1257564949.0,2060404977.0,53.0,0.0,648.0,1.0,45.0,4.0,143.0,0.76,1.0,260.899
2.0,8.0,5.0,34.0,1.0,1.0,249.0,103.0,64.0,5.0,1742782750.0,0.53,1.0,893.0,0.61,0.0,1266745170.0,1101950904.0,55.0,0.0,727.0,1.0,36.0,1.0,174.0,0.69,6.0,270.297
4.0,6.0,3.0,17.0,0.0,1.0,208.0,121.0,41.0,6.0,1237233179.0,0.75,1.0,970.0,0.59,1.0,2035327545.0,1828904226.0,57.0,0.0,651.0,1.0,29.0,5.0,333.0,0.64,8.0,208.057
4.0,2.0,8.0,60.0,0.0,1.0,240.0,33.0,47.0,5.0,2055961705.0,0.61,1.0,615.0,0.66,0.0,1716419250.0,1373731994.0,63.0,0.0,665.0,1.0,18.0,4.0,211.0,0.89,6.0,396.16
3.0,6.0,4.0,52.0,0.0,0.0,422.0,43.0,97.0,2.0,1226901793.0,0.68,0.0,718.0,0.85,1.0,2018203276.0,1897982465.0,37.0,0.0,728.0,0.0,42.0,4.0,301.0,0.88,7.0,251.005
1.0,6.0,8.0,7.0,0.0,1.0,227.0,61.0,74.0,7.0,2032520451.0,0.57,1.0,1002.0,0.61,1.0,1883806212.0,1975726848.0,27.0,1.0,541.0,1.0,26.0,5.0,142.0,0.5,8.0,430.878
2.0,5.0,2.0,14.0,1.0,0.0,406.0,36.0,38.0,9.0,1197894634.0,0.79,1.0,863.0,0.74,1.0,1283087526.0,1960100177.0,60.0,1.0,666.0,1.0,18.0,1.0,100.0,0.51,9.0,996.752
3.0,4.0,4.0,45.0,0.0,1.0,492.0,112.0,44.0,10.0,1645349343.0,0.64,1.0,991.0,0.81,0.0,1483741487.0,1839089637.0,69.0,1.0,508.0,1.0,30.0,3.0,205.0,0.68,10.0,319.445
4.0,7.0,2.0,54.0,1.0,0.0,203.0,125.0,73.0,4.0,1420241570.0,0.57,1.0,843.0,0.51,0.0,1463355866.0,1300784541.0,45.0,1.0,667.0,0.0,45.0,2.0,100.0,0.51,1.0,169.301
4.0,5.0,4.0,39.0,0.0,0.0,284.0,35.0,110.0,9.0,1892502488.0,0.53,0.0,781.0,0.72,1.0,1539804272.0,1376055302.0,69.0,0.0,699.0,1.0,48.0,5.0,313.0,0.67,4.0,421.265
3.0,2.0,5.0,42.0,0.0,1.0,451.0,34.0,64.0,7.0,1642286755.0,0.73,1.0,915.0,0.56,1.0,1307884226.0,1167814004.0,62.0,0.0,627.0,0.0,18.0,5.0,465.0,0.68,7.0,437.089
2.0,5.0,5.0,34.0,1.0,0.0,350.0,115.0,42.0,7.0,1967869473.0,0.63,1.0,733.0,0.55,1.0,2111548333.0,1434288841.0,51.0,0.0,884.0,0.0,37.0,2.0,367.0,0.53,3.0,292.017
2.0,2.0,7.0,48.0,0.0,1.0,411.0,36.0,73.0,9.0,2002549773.0,0.73,1.0,710.0,0.85,1.0,2080985882.0,1375278653.0,58.0,1.0,768.0,1.0,37.0,4.0,353.0,0.85,3.0,590.134
3.0,4.0,4.0,2.0,0.0,0.0,335.0,76.0,92.0,4.0,2042802104.0,0.78,1.0,518.0,0.57,0.0,1784243947.0,1209095222.0,60.0,0.0,567.0,1.0,26.0,1.0,113.0,0.72,6.0,318.153
4.0,5.0,4.0,10.0,0.0,0.0,403.0,95.0,115.0,6.0,1253472315.0,0.76,1.0,1012.0,0.89,0.0,1096277461.0,2075561136.0,63.0,0.0,777.0,0.0,37.0,2.0,216.0,0.65,2.0,198.323
2.0,5.0,6.0,21.0,0.0,1.0,382.0,67.0,79.0,6.0,2025818630.0,0.68,0.0,825.0,0.78,1.0,1767063172.0,1653355142.0,56.0,0.0,876.0,0.0,18.0,3.0,432.0,0.82,4.0,305.377
3.0,6.0,7.0,48.0,1.0,0.0,252.0,90.0,50.0,1.0,1969011536.0,0.57,1.0,603.0,0.58,1.0,1515681772.0,1612130562.0,28.0,1.0,958.0,0.0,39.0,1.0,237.0,0.89,1.0,240.988
3.0,2.0,6.0,23.0,1.0,1.0,341.0,73.0,102.0,1.0,2034977538.0,0.88,0.0,598.0,0.77,1.0,1657798509.0,1897610727.0,68.0,0.0,540.0,0.0,31.0,5.0,318.0,0.59,5.0,390.003
2.0,8.0,4.0,58.0,0.0,0.0,336.0,59.0,108.0,5.0,1893301630.0,0.58,0.0,993.0,0.56,1.0,1475372062.0,1962637649.0,59.0,0.0,749.0,1.0,47.0,3.0,404.0,0.59,6.0,276.563
2.0,5.0,3.0,52.0,0.0,0.0,245.0,127.0,128.0,7.0,1409208624.0,0.82,1.0,580.0,0.66,1.0,1334034826.0,1956585263.0,26.0,1.0,829.0,1.0,48.0,5.0,326.0,0.63,8.0,314.527
2.0,7.0,2.0,32.0,1.0,0.0,352.0,82.0,110.0,5.0,1459780059.0,0.59,0.0,633.0,0.55,1.0,1225145843.0,1212652737.0,48.0,1.0,798.0,1.0,26.0,1.0,162.0,0.87,1.0,272.597
2.0,8.0,3.0,25.0,0.0,0.0,341.0,76.0,104.0,9.0,1760923589.0,0.66,1.0,745.0,0.73,1.0,1655905360.0,1972240205.0,62.0,0.0,828.0,0.0,45.0,5.0,123.0,0.7,1.0,266.475
2.0,2.0,5.0,48.0,0.0,1.0,234.0,48.0,70.0,4.0,1926217458.0,0.8,0.0,654.0,0.78,1.0,1264853603.0,1883864017.0,64.0,1.0,922.0,1.0,47.0,4.0,192.0,0.55,10.0,580.206
1.0,4.0,2.0,29.0,0.0,0.0,204.0,62.0,115.0,1.0,1086421868.0,0.65,0.0,565.0,0.88,1.0,1666252705.0,1989418937.0,62.0,0.0,580.0,0.0,26.0,4.0,426.0,0.64,4.0,517.96
1.0,5.0,6.0,7.0,1.0,1.0,471.0,85.0,46.0,7.0,1249769733.0,0.84,0.0,545.0,0.89,1.0,2087318796.0,1606904735.0,42.0,0.0,807.0,1.0,23.0,3.0,170.0,0.74,2.0,566.214
1.0,8.0,5.0,14.0,0.0,1.0,245.0,44.0,119.0,8.0,1373678201.0,0.85,1.0,658.0,0.68,0.0,2122214633.0,1097202024.0,65.0,0.0,577.0,1.0,30.0,2.0,462.0,0.75,1.0,374.559
2.0,4.0,4.0,29.0,1.0,0.0,383.0,60.0,41.0,7.0,1798691985.0,0.51,1.0,987.0,0.8,1.0,1359772756.0,2054449850.0,47.0,0.0,723.0,0.0,48.0,5.0,486.0,0.85,6.0,429.463
4.0,3.0,3.0,57.0,1.0,1.0,309.0,72.0,50.0,3.0,1961569880.0,0.89,0.0,754.0,0.85,0.0,1639987248.0,1528833323.0,72.0,1.0,712.0,0.0,44.0,5.0,266.0,0.8,1.0,240.148
3.0,7.0,8.0,26.0,1.0,0.0,451.0,70.0,127.0,8.0,1949897452.0,0.77,1.0,927.0,0.83,0.0,1113607350.0,2080867827.0,65.0,0.0,504.0,1.0,47.0,2.0,206.0,0.51,6.0,259.513
3.0,4.0,3.0,22.0,0.0,1.0,336.0,92.0,74.0,10.0,1423538905.0,0.87,1.0,792.0,0.59,1.0,1409443889.0,2038121012.0,45.0,0.0,738.0,0.0,29.0,4.0,343.0,0.53,3.0,543.969
4.0,5.0,6.0,31.0,0.0,1.0,488.0,59.0,51.0,2.0,1845217379.0,0.67,1.0,874.0,0.58,1.0,1783152470.0,1456160130.0,25.0,1.0,594.0,0.0,20.0,1.0,223.0,0.82,6.0,195.623
2.0,6.0,7.0,15.0,1.0,0.0,292.0,91.0,128.0,8.0,1301189661.0,0.62,1.0,652.0,0.52,1.0,1304357303.0,1163808825.0,70.0,1.0,586.0,0.0,36.0,5.0,171.0,0.61,4.0,310.8
4.0,5.0,6.0,57.0,1.0,1.0,341.0,43.0,43.0,9.0,1142667409.0,0.78,0.0,785.0,0.83,0.0,1456024529.0,1803783107.0,36.0,1.0,612.0,0.0,36.0,1.0,221.0,0.89,7.0,157.146
2.0,2.0,7.0,19.0,1.0,0.0,483.0,77.0,102.0,9.0,1196310309.0,0.59,0.0,856.0,0.64,1.0,1625757261.0,1977238988.0,32.0,0.0,742.0,1.0,38.0,1.0,275.0,0.58,10.0,1002.707
1.0,2.0,8.0,32.0,1.0,1.0,229.0,58.0,114.0,7.0,1172021261.0,0.81,0.0,818.0,0.8,1.0,1112074406.0,1746137743.0,53.0,1.0,975.0,0.0,42.0,2.0,114.0,0.66,9.0,987.711
1.0,3.0,4.0,5.0,0.0,0.0,255.0,83.0,34.0,2.0,1595426820.0,0.8,0.0,1000.0,0.59,0.0,1674934488.0,1271994162.0,48.0,1.0,998.0,1.0,23.0,4.0,167.0,0.52,5.0,693.91
2.0,7.0,6.0,56.0,0.0,0.0,443.0,71.0,98.0,5.0,1256753326.0,0.83,0.0,852.0,0.52,0.0,1684100209.0,1482299924.0,51.0,0.0,763.0,1.0,26.0,3.0,108.0,0.61,8.0,328.394
4.0,8.0,8.0,13.0,1.0,0.0,287.0,90.0,36.0,2.0,1284445687.0,0.56,0.0,576.0,0.84,1.0,2066716207.0,1667581145.0,28.0,1.0,803.0,1.0,30.0,3.0,161.0,0.5,2.0,472.44
1.0,2.0,3.0,41.0,1.0,1.0,333.0,49.0,105.0,6.0,1333941834.0,0.89,1.0,733.0,0.57,1.0,1084994611.0,1303190717.0,71.0,1.0,743.0,1.0,22.0,1.0,353.0,0.67,8.0,1205.137
4.0,8.0,4.0,25.0,0.0,0.0,395.0,93.0,91.0,7.0,1888267091.0,0.63,0.0,1018.0,0.8,0.0,1575535559.0,1646429515.0,35.0,1.0,707.0,0.0,42.0,5.0,178.0,0.66,2.0,272.039
3.0,6.0,3.0,7.0,0.0,1.0,245.0,122.0,69.0,1.0,1321742505.0,0.84,0.0,741.0,0.53,0.0,1191067266.0,1746469550.0,29.0,0.0,595.0,1.0,22.0,5.0,131.0,0.82,10.0,248.651
1.0,2.0,4.0,28.0,1.0,0.0,228.0,92.0,86.0,8.0,1261096252.0,0.83,1.0,580.0,0.66,0.0,1111228806.0,1279734535.0,48.0,1.0,616.0,1.0,20.0,5.0,304.0,0.76,6.0,1052.261
2.0,3.0,2.0,38.0,1.0,1.0,432.0,109.0,41.0,10.0,1147407437.0,0.61,0.0,978.0,0.66,0.0,1541924585.0,1447487362.0,24.0,0.0,906.0,1.0,42.0,5.0,347.0,0.82,6.0,608.654
2.0,6.0,5.0,35.0,1.0,1.0,325.0,44.0,40.0,4.0,2145007205.0,0.61,1.0,725.0,0.78,1.0,1957286033.0,1641590678.0,29.0,1.0,657.0,1.0,30.0,4.0,484.0,0.59,4.0,310.213
2.0,3.0,7.0,41.0,0.0,1.0,311.0,99.0,82.0,3.0,1156238448.0,0.75,0.0,605.0,0.81,1.0,1258192012.0,1557776939.0,57.0,0.0,929.0,1.0,33.0,3.0,462.0,0.56,1.0,541.319
4.0,3.0,8.0,27.0,0.0,0.0,205.0,103.0,57.0,9.0,1939007515.0,0.78,1.0,775.0,0.56,1.0,1217449997.0,1507271877.0,66.0,1.0,927.0,1.0,34.0,4.0,327.0,0.9,5.0,253.399
2.0,8.0,6.0,41.0,0.0,1.0,323.0,125.0,33.0,8.0,1755562691.0,0.81,1.0,838.0,0.73,0.0,1460007848.0,1416959900.0,43.0,1.0,924.0,0.0,26.0,5.0,302.0,0.59,2.0,261.23
2.0,4.0,2.0,62.0,1.0,0.0,370.0,105.0,40.0,9.0,1094014160.0,0.68,0.0,978.0,0.61,0.0,2034567057.0,1870937339.0,27.0,0.0,578.0,1.0,37.0,2.0,346.0,0.56,9.0,609.198
4.0,4.0,2.0,21.0,0.0,0.0,468.0,51.0,68.0,4.0,1735770168.0,0.61,0.0,851.0,0.77,1.0,2057311407.0,1093266380.0,47.0,1.0,610.0,1.0,26.0,4.0,433.0,0.52,7.0,271.937
2.0,4.0,8.0,9.0,0.0,1.0,435.0,102.0,115.0,6.0,1620059030.0,0.61,0.0,569.0,0.63,1.0,1489937839.0,1153334792.0,34.0,1.0,528.0,1.0,16.0,3.0,304.0,0.57,8.0,421.524
2.0,4.0,3.0,20.0,0.0,0.0,259.0,47.0,121.0,7.0,1119600829.0,0.76,0.0,640.0,0.54,1.0,1966675576.0,1488918387.0,67.0,1.0,627.0,1.0,18.0,4.0,159.0,0.83,3.0,388.171
3.0,3.0,8.0,10.0,1.0,1.0,326.0,116.0,93.0,5.0,2018338737.0,0.86,0.0,1016.0,0.84,0.0,1408767955.0,1685598092.0,68.0,1.0,582.0,1.0,31.0,4.0,378.0,0.72,4.0,305.455
2.0,6.0,4.0,17.0,0.0,1.0,450.0,88.0,126.0,8.0,1932347101.0,0.65,0.0,792.0,0.55,0.0,1497309456.0,1484893451.0,56.0,0.0,540.0,0.0,36.0,5.0,278.0,0.71,4.0,258.408
4.0,6.0,8.0,32.0,1.0,0.0,264.0,87.0,113.0,1.0,2120564968.0,0.58,0.0,585.0,0.55,0.0,2074390205.0,1402304182.0,31.0,0.0,945.0,0.0,37.0,2.0,237.0,0.53,3.0,210.99
2.0,6.0,5.0,61.0,0.0,0.0,475.0,86.0,105.0,2.0,1959184343.0,0.74,0.0,961.0,0.61,1.0,2014451655.0,1304782880.0,24.0,0.0,561.0,0.0,32.0,3.0,370.0,0.54,4.0,590.307
2.0,6.0,3.0,27.0,0.0,1.0,405.0,106.0,78.0,8.0,1595185888.0,0.78,1.0,579.0,0.59,1.0,1084312766.0,1649951623.0,27.0,1.0,613.0,1.0,42.0,3.0,176.0,0.55,7.0,328.16
4.0,7.0,7.0,41.0,0.0,0.0,316.0,102.0,128.0,5.0,1467069486.0,0.6,1.0,581.0,0.88,0.0,1759452471.0,1533503153.0,41.0,1.0,738.0,0.0,34.0,5.0,320.0,0.63,4.0,169.717
4.0,2.0,5.0,46.0,1.0,0.0,427.0,90.0,66.0,5.0,1546683486.0,0.73,0.0,538.0,0.53,1.0,1979828277.0,1581966285.0,70.0,0.0,751.0,1.0,17.0,3.0,390.0,0.71,5.0,397.835
4.0,2.0,7.0,58.0,0.0,1.0,266.0,49.0,32.0,8.0,1536795981.0,0.75,0.0,606.0,0.63,1.0,1243613065.0,1365060366.0,51.0,0.0,645.0,0.0,17.0,5.0,368.0,0.76,4.0,373.415
1.0,5.0,3.0,15.0,1.0,1.0,268.0,65.0,119.0,10.0,1870400216.0,0.82,0.0,515.0,0.82,1.0,2138473041.0,1467918938.0,60.0,1.0,811.0,0.0,22.0,2.0,443.0,0.85,7.0,530.293
3.0,5.0,3.0,12.0,0.0,0.0,233.0,123.0,39.0,5.0,1488164896.0,0.84,1.0,567.0,0.54,1.0,1449246056.0,2140995741.0,27.0,0.0,881.0,1.0,37.0,2.0,268.0,0.83,10.0,319.978
1.0,4.0,7.0,10.0,0.0,1.0,275.0,110.0,117.0,9.0,1978401700.0,0.62,0.0,566.0,0.66,1.0,1396146918.0,1624687007.0,65.0,0.0,838.0,1.0,32.0,1.0,270.0,0.68,10.0,527.393
3.0,8.0,4.0,63.0,0.0,1.0,273.0,55.0,122.0,10.0,1660624676.0,0.84,1.0,723.0,0.69,0.0,1833663866.0,1465843281.0,67.0,0.0,920.0,0.0,45.0,1.0,499.0,0.58,1.0,207.313
1.0,3.0,4.0,59.0,0.0,1.0,338.0,64.0,50.0,4.0,1510331112.0,0.6,1.0,763.0,0.8,1.0,1567220722.0,1926927726.0,59.0,0.0,636.0,1.0,31.0,5.0,385.0,0.89,9.0,695.97
3.0,5.0,2.0,22.0,1.0,1.0,434.0,79.0,122.0,8.0,1175885867.0,0.69,1.0,1016.0,0.75,0.0,1684652469.0,1425600302.0,24.0,0.0,879.0,0.0,45.0,5.0,377.0,0.84,2.0,234.71
2.0,3.0,7.0,59.0,1.0,1.0,456.0,69.0,115.0,9.0,1263276677.0,0.68,1.0,776.0,0.64,0.0,1839993676.0,1514206408.0,53.0,0.0,621.0,0.0,20.0,5.0,306.0,0.71,7.0,548.719
4.0,6.0,5.0,22.0,1.0,1.0,252.0,100.0,98.0,9.0,2013682338.0,0.56,1.0,612.0,0.55,0.0,1374300023.0,1441887505.0,72.0,0.0,882.0,1.0,47.0,3.0,184.0,0.68,6.0,204.952
1.0,2.0,6.0,40.0,1.0,1.0,276.0,98.0,97.0,1.0,1935075237.0,0.5,0.0,611.0,0.69,0.0,1906106230.0,2137430816.0,49.0,1.0,824.0,1.0,18.0,4.0,415.0,0.79,7.0,1013.685
3.0,2.0,6.0,40.0,1.0,1.0,229.0,57.0,59.0,7.0,1404395142.0,0.83,0.0,883.0,0.57,0.0,1271314724.0,1603343358.0,32.0,1.0,586.0,0.0,40.0,2.0,391.0,0.56,5.0,438.089
3.0,3.0,6.0,8.0,1.0,1.0,382.0,43.0,59.0,9.0,1188008962.0,0.89,1.0,851.0,0.68,1.0,1834964327.0,2132167497.0,50.0,1.0,782.0,0.0,21.0,5.0,118.0,0.76,6.0,450.231
1.0,2.0,4.0,18.0,1.0,0.0,359.0,47.0,117.0,8.0,1570934488.0,0.72,0.0,894.0,0.62,0.0,1836555031.0,1596645699.0,25.0,1.0,849.0,1.0,23.0,3.0,192.0,0.64,4.0,1038.073
3.0,7.0,6.0,34.0,1.0,1.0,428.0,56.0,83.0,10.0,1261718053.0,0.6,1.0,680.0,0.63,0.0,2093182584.0,1289440652.0,37.0,1.0,684.0,1.0,36.0,1.0,163.0,0.82,7.0,225.987
2.0,8.0,3.0,22.0,1.0,1.0,446.0,72.0,123.0,6.0,1148209290.0,0.66,0.0,697.0,0.64,1.0,1731171513.0,1863682018.0,50.0,0.0,984.0,1.0,37.0,1.0,466.0,0.89,5.0,703.663
4.0,8.0,8.0,10.0,0.0,0.0,282.0,86.0,33.0,9.0,2135988342.0,0.61,1.0,640.0,0.71,1.0,2116522943.0,1755320956.0,63.0,1.0,767.0,1.0,17.0,1.0,308.0,0.74,4.0,181.39
2.0,8.0,4.0,25.0,0.0,0.0,479.0,93.0,128.0,10.0,1262535239.0,0.63,1.0,814.0,0.8,0.0,1412481873.0,1264112874.0,61.0,0.0,725.0,1.0,33.0,1.0,126.0,0.57,7.0,404.477
4.0,2.0,3.0,61.0,1.0,0.0,439.0,53.0,127.0,5.0,1312297989.0,0.82,0.0,887.0,0.74,1.0,1344318422.0,2083364531.0,48.0,0.0,651.0,1.0,16.0,4.0,157.0,0.89,2.0,413.285
4.0,2.0,8.0,53.0,0.0,0.0,251.0,48.0,92.0,2.0,1728195715.0,0.77,1.0,930.0,0.85,1.0,1674250884.0,1586533192.0,72.0,1.0,949.0,1.0,29.0,3.0,427.0,0.87,10.0,403.157
1.0,3.0,2.0,9.0,1.0,1.0,443.0,38.0,92.0,1.0,1300212372.0,0.85,0.0,653.0,0.59,1.0,1393801270.0,1294508115.0,42.0,0.0,693.0,1.0,38.0,4.0,305.0,0.71,3.0,716.973
4.0,2.0,5.0,53.0,1.0,0.0,265.0,36.0,79.0,7.0,1552742178.0,0.51,0.0,753.0,0.62,0.0,1507068187.0,1787794021.0,50.0,1.0,974.0,0.0,47.0,2.0,194.0,0.8,4.0,377.738
2.0,7.0,6.0,31.0,1.0,0.0,447.0,36.0,72.0,10.0,1799811179.0,0.58,1.0,705.0,0.83,0.0,1980783583.0,1802109673.0,36.0,1.0,838.0,0.0,31.0,5.0,334.0,0.57,9.0,315.657
4.0,3.0,3.0,54.0,0.0,0.0,489.0,81.0,79.0,6.0,1151976640.0,0.57,0.0,526.0,0.51,1.0,1469322478.0,1902384763.0,56.0,1.0,685.0,1.0,41.0,1.0,405.0,0.79,9.0,262.791
2.0,7.0,6.0,28.0,0.0,0.0,226.0,54.0,112.0,7.0,1182080793.0,0.84,0.0,958.0,0.81,1.0,1453833404.0,2088593645.0,38.0,1.0,646.0,0.0,45.0,4.0,434.0,0.7,9.0,309.326
1.0,2.0,7.0,62.0,1.0,0.0,471.0,107.0,88.0,6.0,1593037759.0,0.6,1.0,914.0,0.55,1.0,1785470083.0,1249520795.0,72.0,0.0,736.0,1.0,44.0,3.0,493.0,0.7,2.0,1028.747
1.0,7.0,6.0,59.0,0.0,0.0,203.0,56.0,92.0,8.0,1235810661.0,0.83,0.0,967.0,0.79,1.0,2010440741.0,1456191229.0,52.0,1.0,662.0,0.0,19.0,5.0,283.0,0.55,3.0,360.909
1.0,3.0,7.0,37.0,0.0,0.0,481.0,103.0,65.0,5.0,1303872128.0,0.78,1.0,823.0,0.79,1.0,1454796297.0,1211288704.0,67.0,0.0,520.0,1.0,37.0,5.0,275.0,0.73,2.0,705.501
1.0,8.0,8.0,25.0,1.0,1.0,493.0,100.0,52.0,10.0,1705575485.0,0.65,0.0,562.0,0.88,0.0,1365789280.0,1394073749.0,31.0,1.0,654.0,1.0,21.0,3.0,255.0,0.7,9.0,386.391
4.0,7.0,4.0,45.0,0.0,1.0,459.0,59.0,87.0,4.0,1263964462.0,0.72,0.0,871.0,0.78,1.0,1735047906.0,1669129486.0,51.0,1.0,817.0,0.0,39.0,1.0,480.0,0.57,8.0,522.575
3.0,7.0,8.0,10.0,1.0,0.0,224.0,48.0,112.0,10.0,1356763875.0,0.63,0.0,653.0,0.58,0.0,1976244654.0,1853539559.0,36.0,0.0,716.0,0.0,40.0,3.0,251.0,0.83,3.0,233.771
3.0,5.0,4.0,11.0,1.0,1.0,206.0,65.0,82.0,5.0,1352655954.0,0.64,1.0,709.0,0.62,0.0,1851787724.0,1645227953.0,30.0,0.0,666.0,0.0,25.0,5.0,234.0,0.73,3.0,203.804
2.0,5.0,7.0,27.0,0.0,0.0,456.0,126.0,59.0,1.0,1467348106.0,0.78,1.0,733.0,0.68,1.0,1335791287.0,1508160238.0,41.0,1.0,698.0,0.0,42.0,3.0,226.0,0.56,9.0,299.866
1.0,7.0,6.0,23.0,0.0,0.0,305.0,103.0,102.0,9.0,1266204855.0,0.56,1.0,749.0,0.58,1.0,2093248938.0,1263198448.0,55.0,0.0,515.0,1.0,21.0,3.0,264.0,0.84,2.0,374.163
2.0,3.0,6.0,7.0,0.0,1.0,250.0,108.0,57.0,1.0,1347628473.0,0.72,0.0,592.0,0.7,1.0,1385579847.0,1950963010.0,24.0,1.0,920.0,1.0,48.0,1.0,289.0,0.7,6.0,541.65
4.0,2.0,4.0,51.0,1.0,1.0,474.0,91.0,48.0,5.0,1797643596.0,0.75,1.0,598.0,0.62,0.0,1210946912.0,1273365424.0,27.0,0.0,767.0,0.0,18.0,1.0,229.0,0.82,2.0,375.125
1.0,3.0,5.0,20.0,1.0,1.0,344.0,121.0,95.0,2.0,2098286074.0,0.85,0.0,705.0,0.64,0.0,2016516429.0,2033717326.0,67.0,1.0,815.0,1.0,25.0,4.0,499.0,0.65,4.0,690.732
1.0,5.0,3.0,19.0,1.0,1.0,210.0,123.0,61.0,8.0,1335117595.0,0.71,0.0,600.0,0.83,1.0,2115529532.0,2042006310.0,66.0,1.0,746.0,0.0,28.0,2.0,311.0,0.67,10.0,520.008
4.0,4.0,2.0,8.0,1.0,0.0,262.0,125.0,58.0,5.0,2062515648.0,0.88,0.0,765.0,0.53,0.0,1231236131.0,1141219770.0,35.0,0.0,509.0,1.0,29.0,4.0,166.0,0.71,10.0,286.136
4.0,7.0,4.0,17.0,1.0,0.0,317.0,78.0,111.0,3.0,1594843781.0,0.88,1.0,1013.0,0.82,0.0,1339260333.0,1932036801.0,71.0,1.0,670.0,0.0,21.0,2.0,173.0,0.8,9.0,178.42
3.0,7.0,4.0,39.0,1.0,0.0,433.0,37.0,114.0,3.0,1826503818.0,0.87,0.0,972.0,0.63,0.0,2021764317.0,1965320944.0,64.0,1.0,946.0,0.0,47.0,4.0,460.0,0.82,5.0,257.921
1.0,7.0,3.0,53.0,1.0,1.0,293.0,37.0,44.0,3.0,2113829057.0,0.86,1.0,594.0,0.88,1.0,1272521286.0,1956412161.0,38.0,1.0,961.0,1.0,21.0,5.0,154.0,0.89,10.0,369.272
2.0,2.0,6.0,61.0,0.0,0.0,258.0,121.0,51.0,10.0,1433140134.0,0.9,0.0,992.0,0.74,1.0,1081514368.0,1343213330.0,39.0,1.0,894.0,0.0,31.0,5.0,401.0,0.67,3.0,582.808
1.0,5.0,4.0,13.0,0.0,1.0,302.0,106.0,43.0,9.0,1579177315.0,0.79,1.0,744.0,0.74,1.0,2095707175.0,1292756072.0,50.0,1.0,583.0,1.0,17.0,5.0,272.0,0.74,8.0,451.404
3.0,6.0,8.0,60.0,0.0,0.0,469.0,125.0,61.0,7.0,1358825585.0,0.88,1.0,837.0,0.59,1.0,1534640769.0,1425014486.0,71.0,1.0,551.0,1.0,29.0,4.0,307.0,0.71,8.0,254.538
1.0,6.0,6.0,52.0,1.0,0.0,214.0,128.0,122.0,4.0,1148207645.0,0.63,0.0,527.0,0.78,0.0,1531545486.0,1950951168.0,59.0,0.0,750.0,1.0,39.0,2.0,233.0,0.62,1.0,430.201
3.0,2.0,5.0,10.0,0.0,1.0,490.0,67.0,40.0,3.0,1641711314.0,0.89,1.0,650.0,0.64,1.0,2113795607.0,1401065729.0,37.0,1.0,973.0,1.0,36.0,3.0,295.0,0.72,7.0,991.935
3.0,3.0,2.0,46.0,1.0,1.0,423.0,88.0,74.0,10.0,1218198214.0,0.5,0.0,686.0,0.67,0.0,2103416117.0,1539497622.0,26.0,1.0,949.0,1.0,36.0,1.0,386.0,0.63,3.0,315.897
4.0,3.0,8.0,28.0,0.0,1.0,296.0,92.0,61.0,1.0,1250469771.0,0.65,1.0,938.0,0.62,1.0,1728663426.0,1602523726.0,25.0,0.0,820.0,0.0,48.0,5.0,270.0,0.72,8.0,242.725
2.0,6.0,8.0,58.0,0.0,1.0,267.0,58.0,64.0,8.0,1782348908.0,0.76,1.0,602.0,0.59,1.0,1723452692.0,1513969343.0,29.0,1.0,507.0,0.0,47.0,5.0,282.0,0.86,7.0,314.865
4.0,7.0,3.0,35.0,0.0,0.0,440.0,49.0,53.0,10.0,1845606507.0,0.54,1.0,825.0,0.81,0.0,1856399262.0,2059978296.0,38.0,1.0,691.0,0.0,30.0,3.0,223.0,0.63,10.0,209.359
4.0,4.0,7.0,31.0,0.0,0.0,430.0,123.0,34.0,1.0,2135458007.0,0.72,0.0,643.0,0.78,1.0,1535812838.0,1951696419.0,35.0,1.0,500.0,1.0,26.0,3.0,134.0,0.64,6.0,332.04
3.0,7.0,5.0,49.0,1.0,0.0,426.0,58.0,68.0,9.0,1774641235.0,0.68,0.0,628.0,0.66,0.0,1825204175.0,1627249593.0,56.0,0.0,893.0,0.0,42.0,4.0,344.0,0.8,1.0,251.472
2.0,2.0,4.0,5.0,0.0,1.0,484.0,79.0,67.0,9.0,1752738791.0,0.74,1.0,525.0,0.68,1.0,1963158080.0,1546422830.0,67.0,0.0,814.0,0.0,38.0,5.0,278.0,0.52,8.0,584.62
2.0,5.0,5.0,2.0,0.0,1.0,210.0,85.0,73.0,9.0,2032532170.0,0.59,0.0,640.0,0.51,1.0,1320435473.0,1917080905.0,53.0,0.0,864.0,1.0,19.0,5.0,240.0,0.61,3.0,311.676
2.0,2.0,6.0,55.0,1.0,1.0,341.0,84.0,48.0,7.0,1715844777.0,0.86,1.0,820.0,0.69,0.0,1463781268.0,1762214843.0,37.0,1.0,936.0,1.0,40.0,1.0,179.0,0.86,9.0,605.403
3.0,3.0,6.0,47.0,1.0,1.0,383.0,68.0,69.0,10.0,1888329812.0,0.82,0.0,854.0,0.84,0.0,1150553292.0,1376172054.0,44.0,1.0,525.0,0.0,31.0,1.0,242.0,0.82,6.0,430.082
4.0,8.0,5.0,6.0,0.0,0.0,250.0,77.0,115.0,7.0,1670790772.0,0.56,1.0,872.0,0.66,1.0,1766529930.0,1731049975.0,61.0,0.0,685.0,1.0,23.0,4.0,485.0,0.58,1.0,271.615
4.0,4.0,7.0,63.0,0.0,0.0,271.0,104.0,89.0,7.0,1527971686.0,0.5,1.0,521.0,0.74,0.0,1887320376.0,1186776584.0,61.0,1.0,915.0,0.0,29.0,5.0,497.0,0.73,5.0,412.333
3.0,7.0,3.0,30.0,0.0,1.0,311.0,74.0,52.0,5.0,1866124014.0,0.72,1.0,926.0,0.67,0.0,1194125396.0,1340397316.0,25.0,1.0,658.0,0.0,18.0,1.0,478.0,0.76,6.0,253.778
1.0,2.0,6.0,15.0,1.0,0.0,258.0,83.0,76.0,4.0,1975543950.0,0.58,0.0,790.0,0.89,0.0,1723135076.0,1612568524.0,28.0,0.0,936.0,0.0,36.0,3.0,251.0,0.74,9.0,994.58
1.0,8.0,2.0,62.0,1.0,1.0,378.0,37.0,112.0,3.0,1174759318.0,0.55,1.0,852.0,0.73,0.0,1440776340.0,1920704949.0,34.0,1.0,586.0,1.0,28.0,5.0,428.0,0.61,10.0,370.559
3.0,2.0,3.0,2.0,1.0,1.0,485.0,99.0,74.0,7.0,1969479518.0,0.6,1.0,521.0,0.85,1.0,2132612978.0,1687005959.0,52.0,1.0,960.0,1.0,16.0,2.0,312.0,0.83,3.0,469.864
1.0,3.0,3.0,57.0,0.0,0.0,432.0,103.0,82.0,7.0,1634388550.0,0.6,1.0,710.0,0.68,0.0,1940976194.0,1281471803.0,70.0,1.0,719.0,1.0,38.0,4.0,341.0,0.51,1.0,701.808
4.0,4.0,7.0,27.0,0.0,0.0,265.0,67.0,118.0,8.0,2116397789.0,0.51,0.0,603.0,0.82,1.0,1189036277.0,1353791390.0,61.0,0.0,908.0,1.0,25.0,4.0,354.0,0.83,3.0,264.975
3.0,5.0,7.0,45.0,0.0,0.0,242.0,94.0,32.0,10.0,1192810786.0,0.85,0.0,644.0,0.82,1.0,1933055369.0,1534024077.0,61.0,1.0,808.0,1.0,41.0,2.0,151.0,0.54,9.0,329.701
1.0,2.0,3.0,44.0,0.0,0.0,259.0,48.0,104.0,10.0,1410622926.0,0.63,1.0,723.0,0.62,1.0,1805951835.0,1993484092.0,72.0,0.0,610.0,1.0,43.0,5.0,111.0,0.55,7.0,1013.117
3.0,8.0,6.0,20.0,0.0,0.0,396.0,36.0,50.0,3.0,1108757697.0,0.64,0.0,649.0,0.82,1.0,1415145925.0,1845383802.0,64.0,0.0,647.0,1.0,44.0,5.0,382.0,0.75,1.0,219.196
4.0,5.0,7.0,38.0,0.0,1.0,344.0,52.0,93.0,1.0,1838011344.0,0.57,0.0,947.0,0.85,1.0,1897456545.0,1477020058.0,40.0,1.0,500.0,1.0,46.0,5.0,247.0,0.78,2.0,204.323
4.0,7.0,3.0,42.0,0.0,1.0,361.0,59.0,47.0,3.0,1701339262.0,0.9,1.0,968.0,0.69,0.0,1498913014.0,1496288796.0,47.0,0.0,853.0,0.0,28.0,3.0,149.0,0.66,1.0,212.345
2.0,6.0,5.0,37.0,1.0,1.0,346.0,90.0,47.0,5.0,1650824659.0,0.6,0.0,981.0,0.56,1.0,1813133881.0,1893480260.0,65.0,0.0,596.0,1.0,26.0,4.0,296.0,0.53,3.0,319.245
2.0,4.0,4.0,28.0,0.0,1.0,433.0,41.0,86.0,7.0,1915386889.0,0.54,0.0,559.0,0.9,0.0,1343738478.0,1732241923.0,55.0,0.0,770.0,0.0,47.0,3.0,129.0,0.8,6.0,978.255
2.0,4.0,6.0,33.0,0.0,0.0,259.0,71.0,108.0,4.0,1113571539.0,0.52,0.0,685.0,0.68,1.0,2130245017.0,1297638847.0,51.0,0.0,615.0,0.0,26.0,2.0,419.0,0.55,1.0,383.217
1.0,4.0,3.0,55.0,0.0,0.0,416.0,109.0,92.0,3.0,1536801111.0,0.68,0.0,1023.0,0.82,1.0,1460865245.0,2107618718.0,35.0,1.0,538.0,1.0,47.0,3.0,154.0,0.62,4.0,542.273
3.0,5.0,4.0,38.0,1.0,1.0,461.0,64.0,119.0,5.0,2130567811.0,0.52,1.0,521.0,0.7,1.0,1239213663.0,2024800225.0,60.0,0.0,675.0,0.0,47.0,4.0,368.0,0.67,3.0,235.413
4.0,4.0,6.0,47.0,1.0,1.0,351.0,128.0,62.0,2.0,1999001260.0,0.59,1.0,632.0,0.66,0.0,1823442377.0,1566360636.0,53.0,0.0,648.0,0.0,31.0,2.0,350.0,0.53,5.0,262.824
4.0,7.0,2.0,49.0,1.0,1.0,383.0,71.0,58.0,8.0,1998742671.0,0.61,0.0,550.0,0.68,0.0,1424254368.0,1900706472.0,30.0,1.0,850.0,0.0,39.0,5.0,298.0,0.66,10.0,201.408
3.0,4.0,6.0,42.0,1.0,1.0,488.0,91.0,106.0,1.0,1727382173.0,0.84,1.0,963.0,0.84,1.0,1803133382.0,1935129935.0,24.0,1.0,816.0,0.0,38.0,3.0,270.0,0.88,2.0,461.015
3.0,8.0,8.0,33.0,1.0,1.0,242.0,111.0,84.0,7.0,2051456310.0,0.67,0.0,944.0,0.74,0.0,1841704865.0,1354834531.0,30.0,1.0,608.0,0.0,35.0,5.0,233.0,0.64,7.0,213.212
2.0,4.0,5.0,29.0,0.0,0.0,252.0,125.0,98.0,10.0,1433185612.0,0.83,1.0,957.0,0.85,0.0,1770064903.0,1337939677.0,60.0,0.0,583.0,0.0,31.0,4.0,424.0,0.51,4.0,543.792
3.0,8.0,3.0,5.0,1.0,0.0,363.0,108.0,34.0,3.0,1986820023.0,0.77,1.0,983.0,0.68,1.0,1227229001.0,1518963792.0,49.0,1.0,640.0,1.0,19.0,3.0,177.0,0.9,10.0,232.496
1.0,2.0,8.0,22.0,1.0,0.0,295.0,91.0,45.0,1.0,1528840341.0,0.57,1.0,685.0,0.64,0.0,1478243619.0,2029646436.0,47.0,1.0,907.0,0.0,34.0,1.0,345.0,0.78,10.0,993.144
1.0,6.0,5.0,7.0,1.0,1.0,448.0,36.0,128.0,2.0,1932759559.0,0.79,1.0,775.0,0.63,1.0,1497263056.0,1613417833.0,70.0,0.0,557.0,0.0,46.0,5.0,434.0,0.64,10.0,425.051
2.0,5.0,2.0,13.0,0.0,1.0,434.0,81.0,53.0,9.0,1645051001.0,0.67,1.0,812.0,0.74,0.0,1190523274.0,1474380494.0,45.0,0.0,876.0,1.0,33.0,4.0,142.0,0.54,5.0,319.264
2.0,7.0,8.0,3.0,1.0,0.0,253.0,37.0,41.0,10.0,1677185955.0,0.64,0.0,603.0,0.86,1.0,1643910748.0,1800705660.0,72.0,1.0,924.0,1.0,22.0,4.0,361.0,0.9,3.0,296.399
4.0,3.0,7.0,30.0,1.0,1.0,324.0,34.0,33.0,9.0,1578912707.0,0.74,0.0,917.0,0.53,0.0,1744226674.0,1427283930.0,32.0,0.0,815.0,1.0,23.0,1.0,267.0,0.53,8.0,456.286
1.0,5.0,4.0,17.0,1.0,0.0,412.0,107.0,120.0,2.0,1252180010.0,0.89,1.0,538.0,0.76,1.0,1181626847.0,1357731063.0,35.0,1.0,804.0,1.0,27.0,2.0,284.0,0.84,4.0,452.225
4.0,3.0,7.0,51.0,0.0,1.0,209.0,84.0,47.0,9.0,1212463128.0,0.67,0.0,572.0,0.89,0.0,1526342927.0,2049671756.0,30.0,1.0,761.0,0.0,37.0,4.0,180.0,0.51,8.0,239.462
1.0,5.0,8.0,62.0,1.0,1.0,249.0,61.0,92.0,9.0,1591973506.0,0.66,1.0,914.0,0.59,0.0,1854477102.0,1537840293.0,32.0,1.0,785.0,1.0,40.0,5.0,361.0,0.87,9.0,454.771
4.0,4.0,5.0,46.0,1.0,0.0,463.0,127.0,72.0,7.0,1286742574.0,0.56,0.0,572.0,0.73,0.0,1945638261.0,1090112316.0,35.0,0.0,758.0,0.0,37.0,5.0,119.0,0.81,8.0,247.505
1.0,4.0,8.0,58.0,1.0,0.0,401.0,33.0,108.0,4.0,1971331248.0,0.81,1.0,840.0,0.55,1.0,1184280540.0,1171541770.0,49.0,0.0,577.0,1.0,22.0,5.0,127.0,0.67,3.0,542.52
3.0,2.0,6.0,5.0,1.0,1.0,399.0,41.0,104.0,6.0,1640240332.0,0.52,0.0,643.0,0.81,0.0,2020808215.0,1758554169.0,42.0,0.0,751.0,0.0,48.0,1.0,420.0,0.66,10.0,979.274
4.0,6.0,4.0,59.0,0.0,0.0,352.0,97.0,35.0,6.0,1082829302.0,0.88,0.0,863.0,0.55,0.0,2027017606.0,2074685423.0,37.0,1.0,567.0,0.0,33.0,3.0,418.0,0.57,10.0,202.783
3.0,3.0,3.0,59.0,0.0,0.0,471.0,93.0,99.0,2.0,1124173493.0,0.52,0.0,522.0,0.69,0.0,1773690371.0,1945024366.0,66.0,1.0,857.0,0.0,19.0,2.0,298.0,0.65,9.0,445.279
1.0,2.0,3.0,42.0,1.0,1.0,422.0,53.0,75.0,3.0,1083007857.0,0.62,1.0,534.0,0.8,0.0,1306632201.0,1773212880.0,55.0,1.0,790.0,0.0,23.0,3.0,477.0,0.8,9.0,1001.478
1.0,3.0,6.0,52.0,0.0,0.0,212.0,46.0,96.0,7.0,1564103214.0,0.67,1.0,805.0,0.52,1.0,1986144771.0,1727822093.0,64.0,0.0,808.0,0.0,46.0,1.0,110.0,0.67,8.0,682.448
3.0,7.0,8.0,6.0,0.0,0.0,304.0,50.0,97.0,10.0,1756995175.0,0.89,0.0,714.0,0.86,1.0,1195192030.0,1838579352.0,25.0,0.0,855.0,0.0,16.0,4.0,193.0,0.66,8.0,207.863
3.0,8.0,4.0,19.0,1.0,0.0,317.0,32.0,78.0,2.0,1587930604.0,0.85,0.0,1022.0,0.59,1.0,1999587588.0,1328125272.0,64.0,1.0,837.0,0.0,37.0,4.0,500.0,0.82,9.0,186.905
3.0,7.0,5.0,3.0,0.0,1.0,452.0,50.0,53.0,2.0,1716163466.0,0.68,0.0,938.0,0.82,0.0,1532897005.0,2001385908.0,44.0,0.0,701.0,1.0,25.0,2.0,431.0,0.8,2.0,251.942
1.0,8.0,8.0,7.0,1.0,1.0,301.0,38.0,77.0,6.0,1642373786.0,0.85,1.0,519.0,0.76,1.0,2073822577.0,1903132291.0,70.0,1.0,810.0,1.0,16.0,2.0,362.0,0.84,8.0,371.346
2.0,6.0,7.0,54.0,0.0,1.0,474.0,68.0,100.0,5.0,1617599284.0,0.77,0.0,660.0,0.82,1.0,1313092815.0,1193011743.0,69.0,0.0,968.0,1.0,37.0,4.0,281.0,0.55,6.0,346.997
3.0,5.0,4.0,19.0,1.0,1.0,216.0,56.0,126.0,4.0,1931912760.0,0.77,0.0,963.0,0.62,1.0,1861537244.0,1868015574.0,45.0,1.0,720.0,0.0,37.0,2.0,251.0,0.59,1.0,308.779
1.0,7.0,7.0,57.0,0.0,0.0,468.0,36.0,111.0,3.0,1929911398.0,0.52,1.0,705.0,0.69,1.0,1262710324.0,1400580392.0,57.0,0.0,700.0,1.0,19.0,3.0,497.0,0.55,5.0,381.223
3.0,5.0,8.0,12.0,0.0,1.0,228.0,81.0,102.0,8.0,1935637693.0,0.72,1.0,553.0,0.52,1.0,1841219668.0,1585742213.0,26.0,0.0,778.0,1.0,34.0,3.0,365.0,0.67,8.0,290.009
4.0,3.0,6.0,53.0,0.0,1.0,474.0,53.0,79.0,10.0,1687275398.0,0.5,1.0,579.0,0.76,0.0,1948100476.0,1209450695.0,47.0,1.0,899.0,0.0,34.0,4.0,435.0,0.71,2.0,259.728
1.0,2.0,6.0,42.0,0.0,1.0,284.0,48.0,65.0,3.0,1982483558.0,0.71,0.0,599.0,0.71,0.0,1775774367.0,1129929919.0,27.0,1.0,644.0,0.0,21.0,1.0,183.0,0.79,3.0,1028.136
4.0,4.0,2.0,32.0,1.0,0.0,451.0,83.0,61.0,5.0,2026466644.0,0.86,0.0,879.0,0.88,0.0,1091005789.0,1110603548.0,37.0,0.0,658.0,1.0,26.0,4.0,462.0,0.53,7.0,406.782
4.0,6.0,2.0,19.0,1.0,0.0,428.0,119.0,120.0,8.0,1732834581.0,0.76,0.0,846.0,0.75,0.0,2141904666.0,1280078961.0,49.0,1.0,853.0,1.0,36.0,3.0,358.0,0.71,1.0,221.978
1.0,6.0,7.0,8.0,1.0,0.0,311.0,42.0,55.0,9.0,1922309311.0,0.56,0.0,740.0,0.6,0.0,1865855704.0,1998069840.0,31.0,1.0,964.0,0.0,16.0,2.0,355.0,0.67,5.0,419.346
2.0,8.0,7.0,13.0,1.0,1.0,381.0,88.0,36.0,6.0,1627744125.0,0.84,0.0,532.0,0.54,0.0,1346926285.0,1311990653.0,62.0,1.0,582.0,0.0,28.0,3.0,309.0,0.54,9.0,232.695
2.0,8.0,4.0,62.0,0.0,1.0,453.0,84.0,47.0,2.0,1842039429.0,0.54,1.0,918.0,0.72,0.0,1999769589.0,1986815388.0,66.0,1.0,694.0,0.0,26.0,3.0,258.0,0.83,1.0,232.027
4.0,3.0,7.0,10.0,1.0,1.0,259.0,70.0,79.0,4.0,1640432656.0,0.69,0.0,615.0,0.54,0.0,1916052323.0,1574014991.0,67.0,1.0,887.0,0.0,38.0,2.0,125.0,0.59,6.0,251.667
3.0,7.0,7.0,60.0,1.0,1.0,483.0,119.0,78.0,1.0,1862311479.0,0.86,0.0,965.0,0.87,1.0,1391118161.0,1767698130.0,43.0,1.0,742.0,0.0,22.0,3.0,372.0,0.79,3.0,215.481
2.0,8.0,4.0,24.0,0.0,0.0,476.0,34.0,70.0,4.0,1575160476.0,0.9,1.0,872.0,0.82,1.0,1207599694.0,1272970067.0,49.0,1.0,970.0,1.0,17.0,5.0,343.0,0.8,3.0,339.063
3.0,7.0,8.0,29.0,0.0,0.0,319.0,122.0,63.0,3.0,1343337495.0,0.87,0.0,593.0,0.74,0.0,1113114352.0,2098289565.0,40.0,1.0,540.0,0.0,44.0,3.0,347.0,0.51,4.0,267.655
2.0,6.0,5.0,37.0,0.0,0.0,269.0,44.0,109.0,10.0,1859302681.0,0.86,0.0,865.0,0.53,0.0,1521998135.0,2002240521.0,26.0,1.0,518.0,0.0,44.0,3.0,352.0,0.89,4.0,316.49
2.0,3.0,3.0,7.0,0.0,1.0,230.0,64.0,38.0,8.0,1112290653.0,0.71,0.0,682.0,0.52,1.0,1891099312.0,1657410924.0,48.0,0.0,625.0,1.0,20.0,3.0,121.0,0.87,9.0,412.463
4.0,8.0,4.0,25.0,1.0,1.0,402.0,64.0,35.0,9.0,1381390618.0,0.63,0.0,917.0,0.55,0.0,1140865079.0,1894995596.0,55.0,0.0,584.0,1.0,34.0,1.0,371.0,0.75,7.0,189.879
1.0,6.0,2.0,3.0,0.0,0.0,247.0,119.0,115.0,5.0,1170179404.0,0.85,0.0,533.0,0.58,0.0,1854379361.0,1839795598.0,65.0,0.0,755.0,1.0,18.0,4.0,440.0,0.66,8.0,423.23
4.0,7.0,2.0,31.0,1.0,0.0,392.0,46.0,119.0,5.0,1286832120.0,0.58,0.0,977.0,0.55,1.0,1667426614.0,1945034400.0,43.0,1.0,711.0,0.0,45.0,2.0,125.0,0.65,2.0,201.42
1.0,8.0,8.0,19.0,1.0,1.0,335.0,56.0,67.0,3.0,2115232174.0,0.55,0.0,607.0,0.64,0.0,1592550020.0,1501123348.0,61.0,0.0,668.0,1.0,41.0,5.0,216.0,0.84,3.0,379.968
1.0,2.0,6.0,43.0,1.0,1.0,275.0,114.0,114.0,6.0,1093693940.0,0.52,1.0,803.0,0.76,0.0,1679731381.0,2097612552.0,24.0,1.0,597.0,1.0,48.0,3.0,371.0,0.78,5.0,1014.626
1.0,2.0,8.0,53.0,1.0,0.0,350.0,95.0,98.0,9.0,1656509059.0,0.61,0.0,940.0,0.76,1.0,1819417749.0,1553234388.0,33.0,1.0,726.0,1.0,28.0,5.0,402.0,0.73,1.0,1033.984
